use QuanLyBanHang
go

INSERT INTO GIO_HANG VALUES ('truong_gh', null, 0)
INSERT INTO GIO_HANG VALUES ('uy_gh', null, 0)
INSERT INTO GIO_HANG VALUES ('tram_gh', null, 0)
INSERT INTO GIO_HANG VALUES ('vi_gh', null, 0)
INSERT INTO GIO_HANG VALUES ('nhtpdgoru_gh',null,0)
INSERT INTO GIO_HANG VALUES ('tunhpgodr_gh',null,0)
INSERT INTO GIO_HANG VALUES ('dnutghopr_gh',null,0)
INSERT INTO GIO_HANG VALUES ('odthgnpru_gh',null,0)
INSERT INTO GIO_HANG VALUES ('tpnogrudh_gh',null,0)
INSERT INTO GIO_HANG VALUES ('pdrthougn_gh',null,0)
INSERT INTO GIO_HANG VALUES ('rdphtnogu_gh',null,0)
INSERT INTO GIO_HANG VALUES ('pgrtdhnou_gh',null,0)
INSERT INTO GIO_HANG VALUES ('rhpgdnotu_gh',null,0)
INSERT INTO GIO_HANG VALUES ('rgphntudo_gh',null,0)
INSERT INTO GIO_HANG VALUES ('thorgpudn_gh',null,0)
INSERT INTO GIO_HANG VALUES ('rpodghntu_gh',null,0)
INSERT INTO GIO_HANG VALUES ('gnuohrtdp_gh',null,0)
INSERT INTO GIO_HANG VALUES ('phrotgndu_gh',null,0)
INSERT INTO GIO_HANG VALUES ('ohtdnrugp_gh',null,0)
INSERT INTO GIO_HANG VALUES ('oprunghdt_gh',null,0)
INSERT INTO GIO_HANG VALUES ('hgudnoprt_gh',null,0)
INSERT INTO GIO_HANG VALUES ('hotugprdn_gh',null,0)
INSERT INTO GIO_HANG VALUES ('orpugntdh_gh',null,0)
INSERT INTO GIO_HANG VALUES ('dgutpnohr_gh',null,0)
INSERT INTO GIO_HANG VALUES ('nurghptdo_gh',null,0)
INSERT INTO GIO_HANG VALUES ('hdugortnp_gh',null,0)
INSERT INTO GIO_HANG VALUES ('trnodghpu_gh',null,0)
INSERT INTO GIO_HANG VALUES ('dourphngt_gh',null,0)
INSERT INTO GIO_HANG VALUES ('drupghnot_gh',null,0)
INSERT INTO GIO_HANG VALUES ('uongdhprt_gh',null,0)
INSERT INTO GIO_HANG VALUES ('ouprnghdt_gh',null,0)
INSERT INTO GIO_HANG VALUES ('ogtdrnphu_gh',null,0)
INSERT INTO GIO_HANG VALUES ('gpuhrnodt_gh',null,0)
INSERT INTO GIO_HANG VALUES ('ndtprhogu_gh',null,0)
INSERT INTO GIO_HANG VALUES ('dpurhotgn_gh',null,0)
INSERT INTO GIO_HANG VALUES ('goundhprt_gh',null,0)
INSERT INTO GIO_HANG VALUES ('udonhrtgp_gh',null,0)
INSERT INTO GIO_HANG VALUES ('gduphnort_gh',null,0)
INSERT INTO GIO_HANG VALUES ('tdoughnpr_gh',null,0)
INSERT INTO GIO_HANG VALUES ('hrtpogndu_gh',null,0)
INSERT INTO GIO_HANG VALUES ('utndghopr_gh',null,0)
INSERT INTO GIO_HANG VALUES ('tgorphndu_gh',null,0)
INSERT INTO GIO_HANG VALUES ('tonprghdu_gh',null,0)
INSERT INTO GIO_HANG VALUES ('ngtphrudo_gh',null,0)
INSERT INTO GIO_HANG VALUES ('hptudgnor_gh',null,0)
INSERT INTO GIO_HANG VALUES ('htrpgoudn_gh',null,0)
INSERT INTO GIO_HANG VALUES ('ontdghpru_gh',null,0)
INSERT INTO GIO_HANG VALUES ('uhogrnpdt_gh',null,0)
INSERT INTO GIO_HANG VALUES ('ropdhtugn_gh',null,0)
INSERT INTO GIO_HANG VALUES ('gtuhdnopr_gh',null,0)
INSERT INTO GIO_HANG VALUES ('urndhptgo_gh',null,0)
INSERT INTO GIO_HANG VALUES ('ntrgphodu_gh',null,0)


INSERT INTO CUA_HANG VALUES ('truong_ch', null, '0921394831', 'truong@gmail.com')
INSERT INTO CUA_HANG VALUES ('uy_ch', null, '0921394832', 'uy@gmail.com')
INSERT INTO CUA_HANG VALUES ('tram_ch', null, '0921394833', 'tram@gmail.com')
INSERT INTO CUA_HANG VALUES ('vi_ch', null, '0921394834', 'vi@gmail.com')
INSERT INTO CUA_HANG VALUES ('nhtpdgoru_ch',null,'0937462185','nhtpdgoru@gmail.com')
INSERT INTO CUA_HANG VALUES ('tunhpgodr_ch',null,'0974182563','tunhpgodr@gmail.com')
INSERT INTO CUA_HANG VALUES ('dnutghopr_ch',null,'0914763285','dnutghopr@gmail.com')
INSERT INTO CUA_HANG VALUES ('odthgnpru_ch',null,'0943672185','odthgnpru@gmail.com')
INSERT INTO CUA_HANG VALUES ('tpnogrudh_ch',null,'0972643851','tpnogrudh@gmail.com')
INSERT INTO CUA_HANG VALUES ('pdrthougn_ch',null,'0952187643','pdrthougn@gmail.com')
INSERT INTO CUA_HANG VALUES ('rdphtnogu_ch',null,'0958624371','rdphtnogu@gmail.com')
INSERT INTO CUA_HANG VALUES ('pgrtdhnou_ch',null,'0952817364','pgrtdhnou@gmail.com')
INSERT INTO CUA_HANG VALUES ('rhpgdnotu_ch',null,'0962174385','rhpgdnotu@gmail.com')
INSERT INTO CUA_HANG VALUES ('rgphntudo_ch',null,'0961453872','rgphntudo@gmail.com')
INSERT INTO CUA_HANG VALUES ('thorgpudn_ch',null,'0968475321','thorgpudn@gmail.com')
INSERT INTO CUA_HANG VALUES ('rpodghntu_ch',null,'0964218375','rpodghntu@gmail.com')
INSERT INTO CUA_HANG VALUES ('gnuohrtdp_ch',null,'0923487651','gnuohrtdp@gmail.com')
INSERT INTO CUA_HANG VALUES ('phrotgndu_ch',null,'0953627481','phrotgndu@gmail.com')
INSERT INTO CUA_HANG VALUES ('ohtdnrugp_ch',null,'0945876321','ohtdnrugp@gmail.com')
INSERT INTO CUA_HANG VALUES ('oprunghdt_ch',null,'0947326581','oprunghdt@gmail.com')
INSERT INTO CUA_HANG VALUES ('hgudnoprt_ch',null,'0928317465','hgudnoprt@gmail.com')
INSERT INTO CUA_HANG VALUES ('hotugprdn_ch',null,'0931654872','hotugprdn@gmail.com')
INSERT INTO CUA_HANG VALUES ('orpugntdh_ch',null,'0948153762','orpugntdh@gmail.com')
INSERT INTO CUA_HANG VALUES ('dgutpnohr_ch',null,'0913547682','dgutpnohr@gmail.com')
INSERT INTO CUA_HANG VALUES ('nurghptdo_ch',null,'0942853761','nurghptdo@gmail.com')
INSERT INTO CUA_HANG VALUES ('hdugortnp_ch',null,'0927486531','hdugortnp@gmail.com')
INSERT INTO CUA_HANG VALUES ('trnodghpu_ch',null,'0973462185','trnodghpu@gmail.com')
INSERT INTO CUA_HANG VALUES ('dourphngt_ch',null,'0915482673','dourphngt@gmail.com')
INSERT INTO CUA_HANG VALUES ('drupghnot_ch',null,'0916827354','drupghnot@gmail.com')
INSERT INTO CUA_HANG VALUES ('uongdhprt_ch',null,'0978452163','uongdhprt@gmail.com')
INSERT INTO CUA_HANG VALUES ('ouprnghdt_ch',null,'0951482673','ouprnghdt@gmail.com')
INSERT INTO CUA_HANG VALUES ('ogtdrnphu_ch',null,'0945281673','ogtdrnphu@gmail.com')
INSERT INTO CUA_HANG VALUES ('gpuhrnodt_ch',null,'0924736581','gpuhrnodt@gmail.com')
INSERT INTO CUA_HANG VALUES ('ndtprhogu_ch',null,'0936147582','ndtprhogu@gmail.com')
INSERT INTO CUA_HANG VALUES ('dpurhotgn_ch',null,'0916287543','dpurhotgn@gmail.com')
INSERT INTO CUA_HANG VALUES ('goundhprt_ch',null,'0924138576','goundhprt@gmail.com')
INSERT INTO CUA_HANG VALUES ('udonhrtgp_ch',null,'0974685321','udonhrtgp@gmail.com')
INSERT INTO CUA_HANG VALUES ('gduphnort_ch',null,'0918753264','gduphnort@gmail.com')
INSERT INTO CUA_HANG VALUES ('tdoughnpr_ch',null,'0967253184','tdoughnpr@gmail.com')
INSERT INTO CUA_HANG VALUES ('hrtpogndu_ch',null,'0932871564','hrtpogndu@gmail.com')
INSERT INTO CUA_HANG VALUES ('utndghopr_ch',null,'0982617354','utndghopr@gmail.com')
INSERT INTO CUA_HANG VALUES ('tgorphndu_ch',null,'0967851342','tgorphndu@gmail.com')
INSERT INTO CUA_HANG VALUES ('tonprghdu_ch',null,'0972146583','tonprghdu@gmail.com')
INSERT INTO CUA_HANG VALUES ('ngtphrudo_ch',null,'0936742851','ngtphrudo@gmail.com')
INSERT INTO CUA_HANG VALUES ('hptudgnor_ch',null,'0932475186','hptudgnor@gmail.com')
INSERT INTO CUA_HANG VALUES ('htrpgoudn_ch',null,'0934687521','htrpgoudn@gmail.com')
INSERT INTO CUA_HANG VALUES ('ontdghpru_ch',null,'0946718253','ontdghpru@gmail.com')
INSERT INTO CUA_HANG VALUES ('uhogrnpdt_ch',null,'0976235481','uhogrnpdt@gmail.com')
INSERT INTO CUA_HANG VALUES ('ropdhtugn_ch',null,'0963487521','ropdhtugn@gmail.com')
INSERT INTO CUA_HANG VALUES ('gtuhdnopr_ch',null,'0926174385','gtuhdnopr@gmail.com')
INSERT INTO CUA_HANG VALUES ('urndhptgo_ch',null,'0981765432','urndhptgo@gmail.com')
INSERT INTO CUA_HANG VALUES ('ntrgphodu_ch',null,'0942357681','ntrgphodu@gmail.com')

INSERT INTO KHACH_HANG VALUES ('truong', 'truong_gh', 'truong_ch', N'Lê Huỳnh Quang Trường', '1/1/2000', 'Tp HCM', '0921394831', 'truong@gmail.com')
INSERT INTO KHACH_HANG VALUES ('uy', 'uy_gh', 'uy_ch', N'Bùi Thanh Uy', '1/1/2000', 'Tp HCM', '0921394832', 'uy@gmail.com')
INSERT INTO KHACH_HANG VALUES ('tram', 'tram_gh', 'tram_ch', N'Lý Quỳnh Trâm', '1/1/2000', 'Tp HCM', '0921394833', 'tram@gmail.com')
INSERT INTO KHACH_HANG VALUES ('vi', 'vi_gh', 'vi_ch', N'Trần Thị Vi', '1/1/2000', 'Tp HCM', '0921394834', 'vi@gmail.com')
INSERT INTO KHACH_HANG VALUES ('nhtpdgoru','nhtpdgoru_gh','nhtpdgoru_ch',N'Nguyễn Bùi Trịnh Thịnh','2000-6-23','Tp HCM','0937462185','nhtpdgoru@gmail.com')
INSERT INTO KHACH_HANG VALUES ('tunhpgodr','tunhpgodr_gh','tunhpgodr_ch',N'Bùi Trịnh Minh Minh','2000-12-12','Tp HCM','0974182563','tunhpgodr@gmail.com')
INSERT INTO KHACH_HANG VALUES ('dnutghopr','dnutghopr_gh','dnutghopr_ch',N'Nguyễn Huỳnh Thanh Mỹ','2000-5-14','Tp HCM','0914763285','dnutghopr@gmail.com')
INSERT INTO KHACH_HANG VALUES ('odthgnpru','odthgnpru_gh','odthgnpru_ch',N'Ngô Hoàng Tâm Mỹ','2001-5-18','Tp HCM','0943672185','odthgnpru@gmail.com')
INSERT INTO KHACH_HANG VALUES ('tpnogrudh','tpnogrudh_gh','tpnogrudh_ch',N'Trần Ngô Bá Xuân','2001-9-28','Tp HCM','0972643851','tpnogrudh@gmail.com')
INSERT INTO KHACH_HANG VALUES ('pdrthougn','pdrthougn_gh','pdrthougn_ch',N'Vũ Huỳnh Bá Quốc','2001-8-9','Tp HCM','0952187643','pdrthougn@gmail.com')
INSERT INTO KHACH_HANG VALUES ('rdphtnogu','rdphtnogu_gh','rdphtnogu_ch',N'Trịnh Dương Trịnh Trường','2000-10-27','Tp HCM','0958624371','rdphtnogu@gmail.com')
INSERT INTO KHACH_HANG VALUES ('pgrtdhnou','pgrtdhnou_gh','pgrtdhnou_ch',N'Nguyễn Trịnh Lê Tâm','2000-11-21','Tp HCM','0952817364','pgrtdhnou@gmail.com')
INSERT INTO KHACH_HANG VALUES ('rhpgdnotu','rhpgdnotu_gh','rhpgdnotu_ch',N'Bùi Hùng Trịnh Quang','2000-12-22','Tp HCM','0962174385','rhpgdnotu@gmail.com')
INSERT INTO KHACH_HANG VALUES ('rgphntudo','rgphntudo_gh','rgphntudo_ch',N'Trần Mỹ Chí Tâm','2000-8-18','Tp HCM','0961453872','rgphntudo@gmail.com')
INSERT INTO KHACH_HANG VALUES ('thorgpudn','thorgpudn_gh','thorgpudn_ch',N'Vũ Đồng Văn Trường','2000-1-28','Tp HCM','0968475321','thorgpudn@gmail.com')
INSERT INTO KHACH_HANG VALUES ('rpodghntu','rpodghntu_gh','rpodghntu_ch',N'Mỹ Vương Trần Vũ','2001-3-2','Tp HCM','0964218375','rpodghntu@gmail.com')
INSERT INTO KHACH_HANG VALUES ('gnuohrtdp','gnuohrtdp_gh','gnuohrtdp_ch',N'Phan Bùi Lê Hiếu','2001-4-26','Tp HCM','0923487651','gnuohrtdp@gmail.com')
INSERT INTO KHACH_HANG VALUES ('phrotgndu','phrotgndu_gh','phrotgndu_ch',N'Hùng Mỹ Thanh Chí','2001-8-21','Tp HCM','0953627481','phrotgndu@gmail.com')
INSERT INTO KHACH_HANG VALUES ('ohtdnrugp','ohtdnrugp_gh','ohtdnrugp_ch',N'Vương Phạm Trần Minh','2001-4-18','Tp HCM','0945876321','ohtdnrugp@gmail.com')
INSERT INTO KHACH_HANG VALUES ('oprunghdt','oprunghdt_gh','oprunghdt_ch',N'Huỳnh Đồng Quang Bạc','2001-11-22','Tp HCM','0947326581','oprunghdt@gmail.com')
INSERT INTO KHACH_HANG VALUES ('hgudnoprt','hgudnoprt_gh','hgudnoprt_ch',N'Trịnh Trọng Thanh Hùng','2001-10-1','Tp HCM','0928317465','hgudnoprt@gmail.com')
INSERT INTO KHACH_HANG VALUES ('hotugprdn','hotugprdn_gh','hotugprdn_ch',N'Phạm Vương Văn Quốc','2000-1-1','Tp HCM','0931654872','hotugprdn@gmail.com')
INSERT INTO KHACH_HANG VALUES ('orpugntdh','orpugntdh_gh','orpugntdh_ch',N'Huỳnh Trịnh Chí Bạc','2000-5-7','Tp HCM','0948153762','orpugntdh@gmail.com')
INSERT INTO KHACH_HANG VALUES ('dgutpnohr','dgutpnohr_gh','dgutpnohr_ch',N'Hùng Vũ Thanh Chí','2000-11-3','Tp HCM','0913547682','dgutpnohr@gmail.com')
INSERT INTO KHACH_HANG VALUES ('nurghptdo','nurghptdo_gh','nurghptdo_ch',N'Phạm Vũ Lê Việt','2001-9-1','Tp HCM','0942853761','nurghptdo@gmail.com')
INSERT INTO KHACH_HANG VALUES ('hdugortnp','hdugortnp_gh','hdugortnp_ch',N'Vương Ngô Thanh Minh','2001-11-4','Tp HCM','0927486531','hdugortnp@gmail.com')
INSERT INTO KHACH_HANG VALUES ('trnodghpu','trnodghpu_gh','trnodghpu_ch',N'Ngô Trịnh Trần Hiếu','2001-6-16','Tp HCM','0973462185','trnodghpu@gmail.com')
INSERT INTO KHACH_HANG VALUES ('dourphngt','dourphngt_gh','dourphngt_ch',N'Vương Trọng Chí Trung','2000-4-20','Tp HCM','0915482673','dourphngt@gmail.com')
INSERT INTO KHACH_HANG VALUES ('drupghnot','drupghnot_gh','drupghnot_ch',N'Lê Trọng Tâm Trung','2000-7-12','Tp HCM','0916827354','drupghnot@gmail.com')
INSERT INTO KHACH_HANG VALUES ('uongdhprt','uongdhprt_gh','uongdhprt_ch',N'Đồng Phạm Trần Hùng','2001-9-22','Tp HCM','0978452163','uongdhprt@gmail.com')
INSERT INTO KHACH_HANG VALUES ('ouprnghdt','ouprnghdt_gh','ouprnghdt_ch',N'Hoàng Phan Trịnh Trung','2000-3-28','Tp HCM','0951482673','ouprnghdt@gmail.com')
INSERT INTO KHACH_HANG VALUES ('ogtdrnphu','ogtdrnphu_gh','ogtdrnphu_ch',N'Hoàng Dương Chí Mỹ','2001-4-26','Tp HCM','0945281673','ogtdrnphu@gmail.com')
INSERT INTO KHACH_HANG VALUES ('gpuhrnodt','gpuhrnodt_gh','gpuhrnodt_ch',N'Bùi Dương Văn Bạc','2001-6-7','Tp HCM','0924736581','gpuhrnodt@gmail.com')
INSERT INTO KHACH_HANG VALUES ('ndtprhogu','ndtprhogu_gh','ndtprhogu_ch',N'Trần Đồng Trần Trung','2000-6-10','Tp HCM','0936147582','ndtprhogu@gmail.com')
INSERT INTO KHACH_HANG VALUES ('dpurhotgn','dpurhotgn_gh','dpurhotgn_ch',N'Bùi Trịnh Lê Chí','2000-12-15','Tp HCM','0916287543','dpurhotgn@gmail.com')
INSERT INTO KHACH_HANG VALUES ('goundhprt','goundhprt_gh','goundhprt_ch',N'Vũ Ngô Chí Trung','2000-2-8','Tp HCM','0924138576','goundhprt@gmail.com')
INSERT INTO KHACH_HANG VALUES ('udonhrtgp','udonhrtgp_gh','udonhrtgp_ch',N'Trọng Bùi Tâm Chí','2000-2-25','Tp HCM','0974685321','udonhrtgp@gmail.com')
INSERT INTO KHACH_HANG VALUES ('gduphnort','gduphnort_gh','gduphnort_ch',N'Trọng Trọng Văn Quang','2001-11-26','Tp HCM','0918753264','gduphnort@gmail.com')
INSERT INTO KHACH_HANG VALUES ('tdoughnpr','tdoughnpr_gh','tdoughnpr_ch',N'Bùi Phan Lê Mỹ','2001-5-16','Tp HCM','0967253184','tdoughnpr@gmail.com')
INSERT INTO KHACH_HANG VALUES ('hrtpogndu','hrtpogndu_gh','hrtpogndu_ch',N'Trần Huỳnh Thanh Xuân','2000-11-3','Tp HCM','0932871564','hrtpogndu@gmail.com')
INSERT INTO KHACH_HANG VALUES ('utndghopr','utndghopr_gh','utndghopr_ch',N'Hoàng Phạm Trần Thịnh','2001-2-13','Tp HCM','0982617354','utndghopr@gmail.com')
INSERT INTO KHACH_HANG VALUES ('tgorphndu','tgorphndu_gh','tgorphndu_ch',N'Lê Trần Trần Xuân','2001-3-15','Tp HCM','0967851342','tgorphndu@gmail.com')
INSERT INTO KHACH_HANG VALUES ('tonprghdu','tonprghdu_gh','tonprghdu_ch',N'Mỹ Ngô Minh Trường','2001-7-5','Tp HCM','0972146583','tonprghdu@gmail.com')
INSERT INTO KHACH_HANG VALUES ('ngtphrudo','ngtphrudo_gh','ngtphrudo_ch',N'Bùi Bùi Thanh Vinh','2000-12-11','Tp HCM','0936742851','ngtphrudo@gmail.com')
INSERT INTO KHACH_HANG VALUES ('hptudgnor','hptudgnor_gh','hptudgnor_ch',N'Trịnh Vương Minh Tâm','2000-4-4','Tp HCM','0932475186','hptudgnor@gmail.com')
INSERT INTO KHACH_HANG VALUES ('htrpgoudn','htrpgoudn_gh','htrpgoudn_ch',N'Ngô Hoàng Quang Vinh','2001-2-12','Tp HCM','0934687521','htrpgoudn@gmail.com')
INSERT INTO KHACH_HANG VALUES ('ontdghpru','ontdghpru_gh','ontdghpru_ch',N'Nguyễn Trọng Minh Chí','2001-11-10','Tp HCM','0946718253','ontdghpru@gmail.com')
INSERT INTO KHACH_HANG VALUES ('uhogrnpdt','uhogrnpdt_gh','uhogrnpdt_ch',N'Bùi Trọng Thanh Hùng','2000-10-17','Tp HCM','0976235481','uhogrnpdt@gmail.com')
INSERT INTO KHACH_HANG VALUES ('ropdhtugn','ropdhtugn_gh','ropdhtugn_ch',N'Trọng Hoàng Văn Minh','2000-6-23','Tp HCM','0963487521','ropdhtugn@gmail.com')
INSERT INTO KHACH_HANG VALUES ('gtuhdnopr','gtuhdnopr_gh','gtuhdnopr_ch',N'Phan Vương Chí Bạc','2000-12-8','Tp HCM','0926174385','gtuhdnopr@gmail.com')
INSERT INTO KHACH_HANG VALUES ('urndhptgo','urndhptgo_gh','urndhptgo_ch',N'Dương Dương Thanh Hùng','2000-9-10','Tp HCM','0981765432','urndhptgo@gmail.com')
INSERT INTO KHACH_HANG VALUES ('ntrgphodu','ntrgphodu_gh','ntrgphodu_ch',N'Đồng Vương Tâm Xuân','2000-2-27','Tp HCM','0942357681','ntrgphodu@gmail.com')

UPDATE GIO_HANG SET MA_KH = 'truong' where MA_GIO_HANG = 'truong_gh'
UPDATE GIO_HANG SET MA_KH = 'uy' where MA_GIO_HANG = 'uy_gh'
UPDATE GIO_HANG SET MA_KH = 'tram' where MA_GIO_HANG = 'tram_gh'
UPDATE GIO_HANG SET MA_KH = 'vi' where MA_GIO_HANG = 'vi_gh'
UPDATE GIO_HANG SET MA_KH = 'nhtpdgoru' where MA_GIO_HANG = 'nhtpdgoru_gh'
UPDATE GIO_HANG SET MA_KH = 'tunhpgodr' where MA_GIO_HANG = 'tunhpgodr_gh'
UPDATE GIO_HANG SET MA_KH = 'dnutghopr' where MA_GIO_HANG = 'dnutghopr_gh'
UPDATE GIO_HANG SET MA_KH = 'odthgnpru' where MA_GIO_HANG = 'odthgnpru_gh'
UPDATE GIO_HANG SET MA_KH = 'tpnogrudh' where MA_GIO_HANG = 'tpnogrudh_gh'
UPDATE GIO_HANG SET MA_KH = 'pdrthougn' where MA_GIO_HANG = 'pdrthougn_gh'
UPDATE GIO_HANG SET MA_KH = 'rdphtnogu' where MA_GIO_HANG = 'rdphtnogu_gh'
UPDATE GIO_HANG SET MA_KH = 'pgrtdhnou' where MA_GIO_HANG = 'pgrtdhnou_gh'
UPDATE GIO_HANG SET MA_KH = 'rhpgdnotu' where MA_GIO_HANG = 'rhpgdnotu_gh'
UPDATE GIO_HANG SET MA_KH = 'rgphntudo' where MA_GIO_HANG = 'rgphntudo_gh'
UPDATE GIO_HANG SET MA_KH = 'thorgpudn' where MA_GIO_HANG = 'thorgpudn_gh'
UPDATE GIO_HANG SET MA_KH = 'rpodghntu' where MA_GIO_HANG = 'rpodghntu_gh'
UPDATE GIO_HANG SET MA_KH = 'gnuohrtdp' where MA_GIO_HANG = 'gnuohrtdp_gh'
UPDATE GIO_HANG SET MA_KH = 'phrotgndu' where MA_GIO_HANG = 'phrotgndu_gh'
UPDATE GIO_HANG SET MA_KH = 'ohtdnrugp' where MA_GIO_HANG = 'ohtdnrugp_gh'
UPDATE GIO_HANG SET MA_KH = 'oprunghdt' where MA_GIO_HANG = 'oprunghdt_gh'
UPDATE GIO_HANG SET MA_KH = 'hgudnoprt' where MA_GIO_HANG = 'hgudnoprt_gh'
UPDATE GIO_HANG SET MA_KH = 'hotugprdn' where MA_GIO_HANG = 'hotugprdn_gh'
UPDATE GIO_HANG SET MA_KH = 'orpugntdh' where MA_GIO_HANG = 'orpugntdh_gh'
UPDATE GIO_HANG SET MA_KH = 'dgutpnohr' where MA_GIO_HANG = 'dgutpnohr_gh'
UPDATE GIO_HANG SET MA_KH = 'nurghptdo' where MA_GIO_HANG = 'nurghptdo_gh'
UPDATE GIO_HANG SET MA_KH = 'hdugortnp' where MA_GIO_HANG = 'hdugortnp_gh'
UPDATE GIO_HANG SET MA_KH = 'trnodghpu' where MA_GIO_HANG = 'trnodghpu_gh'
UPDATE GIO_HANG SET MA_KH = 'dourphngt' where MA_GIO_HANG = 'dourphngt_gh'
UPDATE GIO_HANG SET MA_KH = 'drupghnot' where MA_GIO_HANG = 'drupghnot_gh'
UPDATE GIO_HANG SET MA_KH = 'uongdhprt' where MA_GIO_HANG = 'uongdhprt_gh'
UPDATE GIO_HANG SET MA_KH = 'ouprnghdt' where MA_GIO_HANG = 'ouprnghdt_gh'
UPDATE GIO_HANG SET MA_KH = 'ogtdrnphu' where MA_GIO_HANG = 'ogtdrnphu_gh'
UPDATE GIO_HANG SET MA_KH = 'gpuhrnodt' where MA_GIO_HANG = 'gpuhrnodt_gh'
UPDATE GIO_HANG SET MA_KH = 'ndtprhogu' where MA_GIO_HANG = 'ndtprhogu_gh'
UPDATE GIO_HANG SET MA_KH = 'dpurhotgn' where MA_GIO_HANG = 'dpurhotgn_gh'
UPDATE GIO_HANG SET MA_KH = 'goundhprt' where MA_GIO_HANG = 'goundhprt_gh'
UPDATE GIO_HANG SET MA_KH = 'udonhrtgp' where MA_GIO_HANG = 'udonhrtgp_gh'
UPDATE GIO_HANG SET MA_KH = 'gduphnort' where MA_GIO_HANG = 'gduphnort_gh'
UPDATE GIO_HANG SET MA_KH = 'tdoughnpr' where MA_GIO_HANG = 'tdoughnpr_gh'
UPDATE GIO_HANG SET MA_KH = 'hrtpogndu' where MA_GIO_HANG = 'hrtpogndu_gh'
UPDATE GIO_HANG SET MA_KH = 'utndghopr' where MA_GIO_HANG = 'utndghopr_gh'
UPDATE GIO_HANG SET MA_KH = 'tgorphndu' where MA_GIO_HANG = 'tgorphndu_gh'
UPDATE GIO_HANG SET MA_KH = 'tonprghdu' where MA_GIO_HANG = 'tonprghdu_gh'
UPDATE GIO_HANG SET MA_KH = 'ngtphrudo' where MA_GIO_HANG = 'ngtphrudo_gh'
UPDATE GIO_HANG SET MA_KH = 'hptudgnor' where MA_GIO_HANG = 'hptudgnor_gh'
UPDATE GIO_HANG SET MA_KH = 'htrpgoudn' where MA_GIO_HANG = 'htrpgoudn_gh'
UPDATE GIO_HANG SET MA_KH = 'ontdghpru' where MA_GIO_HANG = 'ontdghpru_gh'
UPDATE GIO_HANG SET MA_KH = 'uhogrnpdt' where MA_GIO_HANG = 'uhogrnpdt_gh'
UPDATE GIO_HANG SET MA_KH = 'ropdhtugn' where MA_GIO_HANG = 'ropdhtugn_gh'
UPDATE GIO_HANG SET MA_KH = 'gtuhdnopr' where MA_GIO_HANG = 'gtuhdnopr_gh'
UPDATE GIO_HANG SET MA_KH = 'urndhptgo' where MA_GIO_HANG = 'urndhptgo_gh'
UPDATE GIO_HANG SET MA_KH = 'ntrgphodu' where MA_GIO_HANG = 'ntrgphodu_gh'

UPDATE CUA_HANG SET MA_KH = 'truong' where MA_CUA_HANG = 'truong_ch'
UPDATE CUA_HANG SET MA_KH = 'uy' where MA_CUA_HANG= 'uy_ch'
UPDATE CUA_HANG SET MA_KH = 'tram' where MA_CUA_HANG= 'tram_ch'
UPDATE CUA_HANG SET MA_KH = 'vi' where MA_CUA_HANG = 'vi_ch'
UPDATE GIO_HANG SET MA_KH = 'nhtpdgoru' where MA_GIO_HANG = 'nhtpdgoru_ch'
UPDATE GIO_HANG SET MA_KH = 'tunhpgodr' where MA_GIO_HANG = 'tunhpgodr_ch'
UPDATE GIO_HANG SET MA_KH = 'dnutghopr' where MA_GIO_HANG = 'dnutghopr_ch'
UPDATE GIO_HANG SET MA_KH = 'odthgnpru' where MA_GIO_HANG = 'odthgnpru_ch'
UPDATE GIO_HANG SET MA_KH = 'tpnogrudh' where MA_GIO_HANG = 'tpnogrudh_ch'
UPDATE GIO_HANG SET MA_KH = 'pdrthougn' where MA_GIO_HANG = 'pdrthougn_ch'
UPDATE GIO_HANG SET MA_KH = 'rdphtnogu' where MA_GIO_HANG = 'rdphtnogu_ch'
UPDATE GIO_HANG SET MA_KH = 'pgrtdhnou' where MA_GIO_HANG = 'pgrtdhnou_ch'
UPDATE GIO_HANG SET MA_KH = 'rhpgdnotu' where MA_GIO_HANG = 'rhpgdnotu_ch'
UPDATE GIO_HANG SET MA_KH = 'rgphntudo' where MA_GIO_HANG = 'rgphntudo_ch'
UPDATE GIO_HANG SET MA_KH = 'thorgpudn' where MA_GIO_HANG = 'thorgpudn_ch'
UPDATE GIO_HANG SET MA_KH = 'rpodghntu' where MA_GIO_HANG = 'rpodghntu_ch'
UPDATE GIO_HANG SET MA_KH = 'gnuohrtdp' where MA_GIO_HANG = 'gnuohrtdp_ch'
UPDATE GIO_HANG SET MA_KH = 'phrotgndu' where MA_GIO_HANG = 'phrotgndu_ch'
UPDATE GIO_HANG SET MA_KH = 'ohtdnrugp' where MA_GIO_HANG = 'ohtdnrugp_ch'
UPDATE GIO_HANG SET MA_KH = 'oprunghdt' where MA_GIO_HANG = 'oprunghdt_ch'
UPDATE GIO_HANG SET MA_KH = 'hgudnoprt' where MA_GIO_HANG = 'hgudnoprt_ch'
UPDATE GIO_HANG SET MA_KH = 'hotugprdn' where MA_GIO_HANG = 'hotugprdn_ch'
UPDATE GIO_HANG SET MA_KH = 'orpugntdh' where MA_GIO_HANG = 'orpugntdh_ch'
UPDATE GIO_HANG SET MA_KH = 'dgutpnohr' where MA_GIO_HANG = 'dgutpnohr_ch'
UPDATE GIO_HANG SET MA_KH = 'nurghptdo' where MA_GIO_HANG = 'nurghptdo_ch'
UPDATE GIO_HANG SET MA_KH = 'hdugortnp' where MA_GIO_HANG = 'hdugortnp_ch'
UPDATE GIO_HANG SET MA_KH = 'trnodghpu' where MA_GIO_HANG = 'trnodghpu_ch'
UPDATE GIO_HANG SET MA_KH = 'dourphngt' where MA_GIO_HANG = 'dourphngt_ch'
UPDATE GIO_HANG SET MA_KH = 'drupghnot' where MA_GIO_HANG = 'drupghnot_ch'
UPDATE GIO_HANG SET MA_KH = 'uongdhprt' where MA_GIO_HANG = 'uongdhprt_ch'
UPDATE GIO_HANG SET MA_KH = 'ouprnghdt' where MA_GIO_HANG = 'ouprnghdt_ch'
UPDATE GIO_HANG SET MA_KH = 'ogtdrnphu' where MA_GIO_HANG = 'ogtdrnphu_ch'
UPDATE GIO_HANG SET MA_KH = 'gpuhrnodt' where MA_GIO_HANG = 'gpuhrnodt_ch'
UPDATE GIO_HANG SET MA_KH = 'ndtprhogu' where MA_GIO_HANG = 'ndtprhogu_ch'
UPDATE GIO_HANG SET MA_KH = 'dpurhotgn' where MA_GIO_HANG = 'dpurhotgn_ch'
UPDATE GIO_HANG SET MA_KH = 'goundhprt' where MA_GIO_HANG = 'goundhprt_ch'
UPDATE GIO_HANG SET MA_KH = 'udonhrtgp' where MA_GIO_HANG = 'udonhrtgp_ch'
UPDATE GIO_HANG SET MA_KH = 'gduphnort' where MA_GIO_HANG = 'gduphnort_ch'
UPDATE GIO_HANG SET MA_KH = 'tdoughnpr' where MA_GIO_HANG = 'tdoughnpr_ch'
UPDATE GIO_HANG SET MA_KH = 'hrtpogndu' where MA_GIO_HANG = 'hrtpogndu_ch'
UPDATE GIO_HANG SET MA_KH = 'utndghopr' where MA_GIO_HANG = 'utndghopr_ch'
UPDATE GIO_HANG SET MA_KH = 'tgorphndu' where MA_GIO_HANG = 'tgorphndu_ch'
UPDATE GIO_HANG SET MA_KH = 'tonprghdu' where MA_GIO_HANG = 'tonprghdu_ch'
UPDATE GIO_HANG SET MA_KH = 'ngtphrudo' where MA_GIO_HANG = 'ngtphrudo_ch'
UPDATE GIO_HANG SET MA_KH = 'hptudgnor' where MA_GIO_HANG = 'hptudgnor_ch'
UPDATE GIO_HANG SET MA_KH = 'htrpgoudn' where MA_GIO_HANG = 'htrpgoudn_ch'
UPDATE GIO_HANG SET MA_KH = 'ontdghpru' where MA_GIO_HANG = 'ontdghpru_ch'
UPDATE GIO_HANG SET MA_KH = 'uhogrnpdt' where MA_GIO_HANG = 'uhogrnpdt_ch'
UPDATE GIO_HANG SET MA_KH = 'ropdhtugn' where MA_GIO_HANG = 'ropdhtugn_ch'
UPDATE GIO_HANG SET MA_KH = 'gtuhdnopr' where MA_GIO_HANG = 'gtuhdnopr_ch'
UPDATE GIO_HANG SET MA_KH = 'urndhptgo' where MA_GIO_HANG = 'urndhptgo_ch'
UPDATE GIO_HANG SET MA_KH = 'ntrgphodu' where MA_GIO_HANG = 'ntrgphodu_ch'

INSERT INTO TAI_KHOAN VALUES ('truong', '123456')
INSERT INTO TAI_KHOAN VALUES ('uy', '123456')
INSERT INTO TAI_KHOAN VALUES ('tram', '123456')
INSERT INTO TAI_KHOAN VALUES ('Vi', '123456')
INSERT INTO TAI_KHOAN VALUES ('nhtpdgoru','123456')
INSERT INTO TAI_KHOAN VALUES ('tunhpgodr','123456')
INSERT INTO TAI_KHOAN VALUES ('dnutghopr','123456')
INSERT INTO TAI_KHOAN VALUES ('odthgnpru','123456')
INSERT INTO TAI_KHOAN VALUES ('tpnogrudh','123456')
INSERT INTO TAI_KHOAN VALUES ('pdrthougn','123456')
INSERT INTO TAI_KHOAN VALUES ('rdphtnogu','123456')
INSERT INTO TAI_KHOAN VALUES ('pgrtdhnou','123456')
INSERT INTO TAI_KHOAN VALUES ('rhpgdnotu','123456')
INSERT INTO TAI_KHOAN VALUES ('rgphntudo','123456')
INSERT INTO TAI_KHOAN VALUES ('thorgpudn','123456')
INSERT INTO TAI_KHOAN VALUES ('rpodghntu','123456')
INSERT INTO TAI_KHOAN VALUES ('gnuohrtdp','123456')
INSERT INTO TAI_KHOAN VALUES ('phrotgndu','123456')
INSERT INTO TAI_KHOAN VALUES ('ohtdnrugp','123456')
INSERT INTO TAI_KHOAN VALUES ('oprunghdt','123456')
INSERT INTO TAI_KHOAN VALUES ('hgudnoprt','123456')
INSERT INTO TAI_KHOAN VALUES ('hotugprdn','123456')
INSERT INTO TAI_KHOAN VALUES ('orpugntdh','123456')
INSERT INTO TAI_KHOAN VALUES ('dgutpnohr','123456')
INSERT INTO TAI_KHOAN VALUES ('nurghptdo','123456')
INSERT INTO TAI_KHOAN VALUES ('hdugortnp','123456')
INSERT INTO TAI_KHOAN VALUES ('trnodghpu','123456')
INSERT INTO TAI_KHOAN VALUES ('dourphngt','123456')
INSERT INTO TAI_KHOAN VALUES ('drupghnot','123456')
INSERT INTO TAI_KHOAN VALUES ('uongdhprt','123456')
INSERT INTO TAI_KHOAN VALUES ('ouprnghdt','123456')
INSERT INTO TAI_KHOAN VALUES ('ogtdrnphu','123456')
INSERT INTO TAI_KHOAN VALUES ('gpuhrnodt','123456')
INSERT INTO TAI_KHOAN VALUES ('ndtprhogu','123456')
INSERT INTO TAI_KHOAN VALUES ('dpurhotgn','123456')
INSERT INTO TAI_KHOAN VALUES ('goundhprt','123456')
INSERT INTO TAI_KHOAN VALUES ('udonhrtgp','123456')
INSERT INTO TAI_KHOAN VALUES ('gduphnort','123456')
INSERT INTO TAI_KHOAN VALUES ('tdoughnpr','123456')
INSERT INTO TAI_KHOAN VALUES ('hrtpogndu','123456')
INSERT INTO TAI_KHOAN VALUES ('utndghopr','123456')
INSERT INTO TAI_KHOAN VALUES ('tgorphndu','123456')
INSERT INTO TAI_KHOAN VALUES ('tonprghdu','123456')
INSERT INTO TAI_KHOAN VALUES ('ngtphrudo','123456')
INSERT INTO TAI_KHOAN VALUES ('hptudgnor','123456')
INSERT INTO TAI_KHOAN VALUES ('htrpgoudn','123456')
INSERT INTO TAI_KHOAN VALUES ('ontdghpru','123456')
INSERT INTO TAI_KHOAN VALUES ('uhogrnpdt','123456')
INSERT INTO TAI_KHOAN VALUES ('ropdhtugn','123456')
INSERT INTO TAI_KHOAN VALUES ('gtuhdnopr','123456')
INSERT INTO TAI_KHOAN VALUES ('urndhptgo','123456')
INSERT INTO TAI_KHOAN VALUES ('ntrgphodu','123456')

INSERT INTO DANH_MUC VALUES (N'Điện Thoại')
INSERT INTO DANH_MUC VALUES (N'Đồ Gia Dụng')
INSERT INTO DANH_MUC VALUES (N'Quần Áo')
INSERT INTO DANH_MUC VALUES (N'Giày Dép')

INSERT INTO SAN_PHAM VALUES ('truong_ch', N'Điện Thoại', 'BPhone 5',22563000,20,'new 1000% VN/A')
INSERT INTO SAN_PHAM VALUES ('truong_ch', N'Điện Thoại', 'SamSung 5',14112000,20,'new 1000% VN/A')
INSERT INTO SAN_PHAM VALUES ('truong_ch', N'Điện Thoại', 'DPhone 6',11934000,20,'new 1000% VN/A')
INSERT INTO SAN_PHAM VALUES ('truong_ch', N'Điện Thoại', 'Samsung galaxy 4',23914000,20,'new 1000% VN/A')
INSERT INTO SAN_PHAM VALUES ('truong_ch', N'Điện Thoại', 'SamSung 9',5316000,20,'new 1000% VN/A')
INSERT INTO SAN_PHAM VALUES ('truong_ch', N'Điện Thoại', 'Xiomi 8',20447000,20,'new 1000% VN/A')
INSERT INTO SAN_PHAM VALUES ('truong_ch', N'Điện Thoại', 'Samsum note 7',20999000,20,'new 1000% VN/A')
INSERT INTO SAN_PHAM VALUES ('truong_ch', N'Điện Thoại', 'Ipad 8',1960000,20,'new 1000% VN/A')
INSERT INTO SAN_PHAM VALUES ('truong_ch', N'Điện Thoại', 'SamSung 7',33442000,20,'new 1000% VN/A')
INSERT INTO SAN_PHAM VALUES ('truong_ch', N'Điện Thoại', 'SamSung 9',1133000,20,'new 1000% VN/A')
INSERT INTO SAN_PHAM VALUES ('truong_ch', N'Điện Thoại', 'Samsum note 1',9805000,20,'new 1000% VN/A')
INSERT INTO SAN_PHAM VALUES ('truong_ch', N'Điện Thoại', 'SamSung 3',2268000,20,'new 1000% VN/A')
INSERT INTO SAN_PHAM VALUES ('truong_ch', N'Điện Thoại', 'Ipad 1',6238000,20,'new 1000% VN/A')
INSERT INTO SAN_PHAM VALUES ('truong_ch', N'Điện Thoại', 'Samsung galaxy 1',25242000,20,'new 1000% VN/A')
INSERT INTO SAN_PHAM VALUES ('truong_ch', N'Điện Thoại', 'Ipad 3',12376000,20,'new 1000% VN/A')
INSERT INTO SAN_PHAM VALUES ('truong_ch', N'Điện Thoại', 'SamSung 9',15562000,20,'new 1000% VN/A')
INSERT INTO SAN_PHAM VALUES ('truong_ch', N'Điện Thoại', 'Iphone 3',16343000,20,'new 1000% VN/A')
INSERT INTO SAN_PHAM VALUES ('truong_ch', N'Điện Thoại', 'Samsum note 5',33706000,20,'new 1000% VN/A')
INSERT INTO SAN_PHAM VALUES ('truong_ch', N'Điện Thoại', 'Samsung galaxy 5',24406000,20,'new 1000% VN/A')
INSERT INTO SAN_PHAM VALUES ('truong_ch', N'Điện Thoại', 'Ipad 10',1283000,20,'new 1000% VN/A')
INSERT INTO SAN_PHAM VALUES ('truong_ch', N'Điện Thoại', 'DPhone 2',3399000,20,'new 1000% VN/A')
INSERT INTO SAN_PHAM VALUES ('truong_ch', N'Điện Thoại', 'DPhone 8',3160000,20,'new 1000% VN/A')
INSERT INTO SAN_PHAM VALUES ('truong_ch', N'Điện Thoại', 'SamSung 4',7027000,20,'new 1000% VN/A')
INSERT INTO SAN_PHAM VALUES ('truong_ch', N'Điện Thoại', 'BPhone 4',2834000,20,'new 1000% VN/A')
INSERT INTO SAN_PHAM VALUES ('truong_ch', N'Điện Thoại', 'Ipad 5',21661000,20,'new 1000% VN/A')
INSERT INTO SAN_PHAM VALUES ('truong_ch', N'Điện Thoại', 'Ipad 3',15399000,20,'new 1000% VN/A')
INSERT INTO SAN_PHAM VALUES ('truong_ch', N'Điện Thoại', 'BPhone 2',14553000,20,'new 1000% VN/A')
INSERT INTO SAN_PHAM VALUES ('truong_ch', N'Điện Thoại', 'Nokia 9',28647000,20,'new 1000% VN/A')
INSERT INTO SAN_PHAM VALUES ('truong_ch', N'Điện Thoại', 'BPhone 5',14620000,20,'new 1000% VN/A')
INSERT INTO SAN_PHAM VALUES ('truong_ch', N'Điện Thoại', 'SamSung 9',6128000,20,'new 1000% VN/A')
INSERT INTO SAN_PHAM VALUES ('truong_ch', N'Điện Thoại', 'Samsung galaxy 7',2794000,20,'new 1000% VN/A')
INSERT INTO SAN_PHAM VALUES ('truong_ch', N'Điện Thoại', 'Samsum note 10',5251000,20,'new 1000% VN/A')
INSERT INTO SAN_PHAM VALUES ('truong_ch', N'Điện Thoại', 'Samsum note 4',4916000,20,'new 1000% VN/A')
INSERT INTO SAN_PHAM VALUES ('truong_ch', N'Điện Thoại', 'BPhone 5',31656000,20,'new 1000% VN/A')
INSERT INTO SAN_PHAM VALUES ('truong_ch', N'Điện Thoại', 'SamSung 9',5052000,20,'new 1000% VN/A')
INSERT INTO SAN_PHAM VALUES ('truong_ch', N'Điện Thoại', 'DPhone 9',26596000,20,'new 1000% VN/A')
INSERT INTO SAN_PHAM VALUES ('truong_ch', N'Điện Thoại', 'BPhone 2',18592000,20,'new 1000% VN/A')
INSERT INTO SAN_PHAM VALUES ('truong_ch', N'Điện Thoại', 'SamSung 1',8049000,20,'new 1000% VN/A')
INSERT INTO SAN_PHAM VALUES ('truong_ch', N'Điện Thoại', 'SamSung 2',3029000,20,'new 1000% VN/A')
INSERT INTO SAN_PHAM VALUES ('truong_ch', N'Điện Thoại', 'DPhone 4',26163000,20,'new 1000% VN/A')
INSERT INTO SAN_PHAM VALUES ('truong_ch', N'Điện Thoại', 'Samsum note 3',29376000,20,'new 1000% VN/A')
INSERT INTO SAN_PHAM VALUES ('truong_ch', N'Điện Thoại', 'Nokia 6',23524000,20,'new 1000% VN/A')
INSERT INTO SAN_PHAM VALUES ('truong_ch', N'Điện Thoại', 'Xiomi 2',15912000,20,'new 1000% VN/A')
INSERT INTO SAN_PHAM VALUES ('truong_ch', N'Điện Thoại', 'Samsung galaxy 3',13611000,20,'new 1000% VN/A')
INSERT INTO SAN_PHAM VALUES ('truong_ch', N'Điện Thoại', 'Samsung galaxy 8',28471000,20,'new 1000% VN/A')
INSERT INTO SAN_PHAM VALUES ('truong_ch', N'Điện Thoại', 'Iphone 1',14748000,20,'new 1000% VN/A')
INSERT INTO SAN_PHAM VALUES ('truong_ch', N'Điện Thoại', 'BPhone 6',29774000,20,'new 1000% VN/A')
INSERT INTO SAN_PHAM VALUES ('truong_ch', N'Điện Thoại', 'Xiomi 2',2508000,20,'new 1000% VN/A')
INSERT INTO SAN_PHAM VALUES ('truong_ch', N'Điện Thoại', 'Iphone 10',14024000,20,'new 1000% VN/A')
INSERT INTO SAN_PHAM VALUES ('truong_ch', N'Điện Thoại', 'BPhone 1',6149000,20,'new 1000% VN/A')
INSERT INTO SAN_PHAM VALUES ('truong_ch', N'Điện Thoại', 'Samsum note 7',28424000,20,'new 1000% VN/A')
INSERT INTO SAN_PHAM VALUES ('truong_ch', N'Điện Thoại', 'Samsung galaxy 2',17216000,20,'new 1000% VN/A')
INSERT INTO SAN_PHAM VALUES ('truong_ch', N'Điện Thoại', 'DPhone 10',5741000,20,'new 1000% VN/A')
INSERT INTO SAN_PHAM VALUES ('truong_ch', N'Điện Thoại', 'Samsum note 1',30566000,20,'new 1000% VN/A')
INSERT INTO SAN_PHAM VALUES ('truong_ch', N'Điện Thoại', 'SamSung 9',9973000,20,'new 1000% VN/A')
INSERT INTO SAN_PHAM VALUES ('truong_ch', N'Điện Thoại', 'Xiomi 2',26381000,20,'new 1000% VN/A')
INSERT INTO SAN_PHAM VALUES ('truong_ch', N'Điện Thoại', 'BPhone 3',9913000,20,'new 1000% VN/A')
INSERT INTO SAN_PHAM VALUES ('truong_ch', N'Điện Thoại', 'Samsum note 5',12845000,20,'new 1000% VN/A')
INSERT INTO SAN_PHAM VALUES ('truong_ch', N'Điện Thoại', 'DPhone 1',20879000,20,'new 1000% VN/A')
INSERT INTO SAN_PHAM VALUES ('truong_ch', N'Điện Thoại', 'SamSung 10',27260000,20,'new 1000% VN/A')
INSERT INTO SAN_PHAM VALUES ('truong_ch', N'Điện Thoại', 'BPhone 7',7535000,20,'new 1000% VN/A')
INSERT INTO SAN_PHAM VALUES ('truong_ch', N'Điện Thoại', 'Ipad 8',12665000,20,'new 1000% VN/A')
INSERT INTO SAN_PHAM VALUES ('truong_ch', N'Điện Thoại', 'Xiomi 4',26219000,20,'new 1000% VN/A')
INSERT INTO SAN_PHAM VALUES ('truong_ch', N'Điện Thoại', 'BPhone 3',30025000,20,'new 1000% VN/A')
INSERT INTO SAN_PHAM VALUES ('truong_ch', N'Điện Thoại', 'Xiomi 9',21858000,20,'new 1000% VN/A')
INSERT INTO SAN_PHAM VALUES ('truong_ch', N'Điện Thoại', 'Samsung galaxy 3',26861000,20,'new 1000% VN/A')
INSERT INTO SAN_PHAM VALUES ('truong_ch', N'Điện Thoại', 'Iphone 10',8369000,20,'new 1000% VN/A')
INSERT INTO SAN_PHAM VALUES ('truong_ch', N'Điện Thoại', 'DPhone 3',2443000,20,'new 1000% VN/A')
INSERT INTO SAN_PHAM VALUES ('truong_ch', N'Điện Thoại', 'BPhone 5',10382000,20,'new 1000% VN/A')
INSERT INTO SAN_PHAM VALUES ('truong_ch', N'Điện Thoại', 'Samsum note 1',9650000,20,'new 1000% VN/A')
INSERT INTO SAN_PHAM VALUES ('truong_ch', N'Điện Thoại', 'Samsung galaxy 5',14553000,20,'new 1000% VN/A')
INSERT INTO SAN_PHAM VALUES ('truong_ch', N'Điện Thoại', 'BPhone 2',15588000,20,'new 1000% VN/A')
INSERT INTO SAN_PHAM VALUES ('truong_ch', N'Điện Thoại', 'Xiomi 2',30839000,20,'new 1000% VN/A')
INSERT INTO SAN_PHAM VALUES ('truong_ch', N'Điện Thoại', 'Iphone 9',31949000,20,'new 1000% VN/A')
INSERT INTO SAN_PHAM VALUES ('truong_ch', N'Điện Thoại', 'Iphone 8',21159000,20,'new 1000% VN/A')
INSERT INTO SAN_PHAM VALUES ('truong_ch', N'Điện Thoại', 'Samsung galaxy 3',28397000,20,'new 1000% VN/A')
INSERT INTO SAN_PHAM VALUES ('truong_ch', N'Điện Thoại', 'Samsum note 5',32962000,20,'new 1000% VN/A')
INSERT INTO SAN_PHAM VALUES ('truong_ch', N'Điện Thoại', 'DPhone 6',25763000,20,'new 1000% VN/A')
INSERT INTO SAN_PHAM VALUES ('truong_ch', N'Điện Thoại', 'Nokia 4',23400000,20,'new 1000% VN/A')
INSERT INTO SAN_PHAM VALUES ('truong_ch', N'Điện Thoại', 'Samsum note 2',10459000,20,'new 1000% VN/A')
INSERT INTO SAN_PHAM VALUES ('truong_ch', N'Điện Thoại', 'SamSung 6',20497000,20,'new 1000% VN/A')
INSERT INTO SAN_PHAM VALUES ('truong_ch', N'Điện Thoại', 'Xiomi 3',17865000,20,'new 1000% VN/A')
INSERT INTO SAN_PHAM VALUES ('truong_ch', N'Điện Thoại', 'Samsung galaxy 10',21613000,20,'new 1000% VN/A')
INSERT INTO SAN_PHAM VALUES ('truong_ch', N'Điện Thoại', 'Nokia 8',4726000,20,'new 1000% VN/A')
INSERT INTO SAN_PHAM VALUES ('truong_ch', N'Điện Thoại', 'BPhone 7',33571000,20,'new 1000% VN/A')
INSERT INTO SAN_PHAM VALUES ('truong_ch', N'Điện Thoại', 'Iphone 1',3857000,20,'new 1000% VN/A')
INSERT INTO SAN_PHAM VALUES ('truong_ch', N'Điện Thoại', 'Xiomi 8',17864000,20,'new 1000% VN/A')
INSERT INTO SAN_PHAM VALUES ('truong_ch', N'Điện Thoại', 'BPhone 2',10300000,20,'new 1000% VN/A')
INSERT INTO SAN_PHAM VALUES ('truong_ch', N'Điện Thoại', 'Xiomi 2',7723000,20,'new 1000% VN/A')
INSERT INTO SAN_PHAM VALUES ('truong_ch', N'Điện Thoại', 'Xiomi 4',6353000,20,'new 1000% VN/A')
INSERT INTO SAN_PHAM VALUES ('truong_ch', N'Điện Thoại', 'Xiomi 2',21829000,20,'new 1000% VN/A')
INSERT INTO SAN_PHAM VALUES ('truong_ch', N'Điện Thoại', 'SamSung 3',7888000,20,'new 1000% VN/A')
INSERT INTO SAN_PHAM VALUES ('truong_ch', N'Điện Thoại', 'SamSung 4',8303000,20,'new 1000% VN/A')
INSERT INTO SAN_PHAM VALUES ('truong_ch', N'Điện Thoại', 'Xiomi 10',25460000,20,'new 1000% VN/A')
INSERT INTO SAN_PHAM VALUES ('truong_ch', N'Điện Thoại', 'SamSung 7',15787000,20,'new 1000% VN/A')
INSERT INTO SAN_PHAM VALUES ('truong_ch', N'Điện Thoại', 'SamSung 10',8104000,20,'new 1000% VN/A')
INSERT INTO SAN_PHAM VALUES ('truong_ch', N'Điện Thoại', 'Samsung galaxy 3',11812000,20,'new 1000% VN/A')
INSERT INTO SAN_PHAM VALUES ('truong_ch', N'Điện Thoại', 'Xiomi 2',32070000,20,'new 1000% VN/A')
INSERT INTO SAN_PHAM VALUES ('truong_ch', N'Điện Thoại', 'Nokia 1',8756000,20,'new 1000% VN/A')
INSERT INTO SAN_PHAM VALUES ('truong_ch', N'Điện Thoại', 'Ipad 3',19190000,20,'new 1000% VN/A')
INSERT INTO SAN_PHAM VALUES ('truong_ch', N'Điện Thoại', 'Iphone 10',27785000,20,'new 1000% VN/A')
INSERT INTO SAN_PHAM VALUES ('truong_ch', N'Điện Thoại', 'Nokia 2',7036000,20,'new 1000% VN/A')
INSERT INTO SAN_PHAM VALUES ('truong_ch', N'Điện Thoại', 'Ipad 8',31305000,20,'new 1000% VN/A')
INSERT INTO SAN_PHAM VALUES ('truong_ch', N'Điện Thoại', 'Nokia 8',10966000,20,'new 1000% VN/A')
INSERT INTO SAN_PHAM VALUES ('truong_ch', N'Điện Thoại', 'DPhone 7',27714000,20,'new 1000% VN/A')
INSERT INTO SAN_PHAM VALUES ('truong_ch', N'Điện Thoại', 'Samsung galaxy 9',12930000,20,'new 1000% VN/A')
INSERT INTO SAN_PHAM VALUES ('truong_ch', N'Điện Thoại', 'Samsung galaxy 8',4482000,20,'new 1000% VN/A')
INSERT INTO SAN_PHAM VALUES ('truong_ch', N'Điện Thoại', 'Samsum note 2',33720000,20,'new 1000% VN/A')
INSERT INTO SAN_PHAM VALUES ('truong_ch', N'Điện Thoại', 'Ipad 2',15862000,20,'new 1000% VN/A')
INSERT INTO SAN_PHAM VALUES ('truong_ch', N'Điện Thoại', 'Nokia 10',6536000,20,'new 1000% VN/A')
INSERT INTO SAN_PHAM VALUES ('truong_ch', N'Điện Thoại', 'Samsung galaxy 9',22492000,20,'new 1000% VN/A')
INSERT INTO SAN_PHAM VALUES ('truong_ch', N'Điện Thoại', 'Ipad 9',11792000,20,'new 1000% VN/A')
INSERT INTO SAN_PHAM VALUES ('truong_ch', N'Điện Thoại', 'Samsung galaxy 3',3371000,20,'new 1000% VN/A')
INSERT INTO SAN_PHAM VALUES ('truong_ch', N'Điện Thoại', 'Ipad 7',1358000,20,'new 1000% VN/A')
INSERT INTO SAN_PHAM VALUES ('truong_ch', N'Điện Thoại', 'SamSung 5',32316000,20,'new 1000% VN/A')
INSERT INTO SAN_PHAM VALUES ('truong_ch', N'Điện Thoại', 'SamSung 6',25916000,20,'new 1000% VN/A')
INSERT INTO SAN_PHAM VALUES ('truong_ch', N'Điện Thoại', 'Nokia 2',23904000,20,'new 1000% VN/A')
INSERT INTO SAN_PHAM VALUES ('truong_ch', N'Điện Thoại', 'BPhone 5',26159000,20,'new 1000% VN/A')
INSERT INTO SAN_PHAM VALUES ('truong_ch', N'Điện Thoại', 'BPhone 5',6948000,20,'new 1000% VN/A')
INSERT INTO SAN_PHAM VALUES ('truong_ch', N'Điện Thoại', 'SamSung 9',14261000,20,'new 1000% VN/A')
INSERT INTO SAN_PHAM VALUES ('truong_ch', N'Điện Thoại', 'Iphone 9',17771000,20,'new 1000% VN/A')
INSERT INTO SAN_PHAM VALUES ('truong_ch', N'Điện Thoại', 'SamSung 9',30060000,20,'new 1000% VN/A')
INSERT INTO SAN_PHAM VALUES ('truong_ch', N'Điện Thoại', 'Samsung galaxy 10',21427000,20,'new 1000% VN/A')
INSERT INTO SAN_PHAM VALUES ('truong_ch', N'Điện Thoại', 'Ipad 5',1146000,20,'new 1000% VN/A')
INSERT INTO SAN_PHAM VALUES ('truong_ch', N'Điện Thoại', 'Ipad 8',17685000,20,'new 1000% VN/A')
INSERT INTO SAN_PHAM VALUES ('truong_ch', N'Điện Thoại', 'Ipad 7',32185000,20,'new 1000% VN/A')
INSERT INTO SAN_PHAM VALUES ('truong_ch', N'Điện Thoại', 'Iphone 5',17634000,20,'new 1000% VN/A')
INSERT INTO SAN_PHAM VALUES ('truong_ch', N'Điện Thoại', 'SamSung 4',12728000,20,'new 1000% VN/A')
INSERT INTO SAN_PHAM VALUES ('truong_ch', N'Điện Thoại', 'Iphone 9',4339000,20,'new 1000% VN/A')
INSERT INTO SAN_PHAM VALUES ('truong_ch', N'Điện Thoại', 'DPhone 5',11021000,20,'new 1000% VN/A')
INSERT INTO SAN_PHAM VALUES ('truong_ch', N'Điện Thoại', 'DPhone 1',10493000,20,'new 1000% VN/A')
INSERT INTO SAN_PHAM VALUES ('truong_ch', N'Điện Thoại', 'Xiomi 10',2237000,20,'new 1000% VN/A')
INSERT INTO SAN_PHAM VALUES ('truong_ch', N'Điện Thoại', 'Nokia 1',28807000,20,'new 1000% VN/A')
INSERT INTO SAN_PHAM VALUES ('truong_ch', N'Điện Thoại', 'Xiomi 1',28069000,20,'new 1000% VN/A')
INSERT INTO SAN_PHAM VALUES ('truong_ch', N'Điện Thoại', 'DPhone 5',30047000,20,'new 1000% VN/A')
INSERT INTO SAN_PHAM VALUES ('truong_ch', N'Điện Thoại', 'DPhone 1',25374000,20,'new 1000% VN/A')
INSERT INTO SAN_PHAM VALUES ('truong_ch', N'Điện Thoại', 'SamSung 10',2711000,20,'new 1000% VN/A')
INSERT INTO SAN_PHAM VALUES ('truong_ch', N'Điện Thoại', 'DPhone 7',15449000,20,'new 1000% VN/A')
INSERT INTO SAN_PHAM VALUES ('truong_ch', N'Điện Thoại', 'DPhone 9',27761000,20,'new 1000% VN/A')
INSERT INTO SAN_PHAM VALUES ('truong_ch', N'Điện Thoại', 'Samsum note 9',5414000,20,'new 1000% VN/A')
INSERT INTO SAN_PHAM VALUES ('truong_ch', N'Điện Thoại', 'SamSung 1',15307000,20,'new 1000% VN/A')
INSERT INTO SAN_PHAM VALUES ('truong_ch', N'Điện Thoại', 'Nokia 9',16931000,20,'new 1000% VN/A')
INSERT INTO SAN_PHAM VALUES ('truong_ch', N'Điện Thoại', 'Ipad 3',24548000,20,'new 1000% VN/A')
INSERT INTO SAN_PHAM VALUES ('truong_ch', N'Điện Thoại', 'DPhone 1',16770000,20,'new 1000% VN/A')
INSERT INTO SAN_PHAM VALUES ('truong_ch', N'Điện Thoại', 'Samsum note 10',21389000,20,'new 1000% VN/A')
INSERT INTO SAN_PHAM VALUES ('truong_ch', N'Điện Thoại', 'Xiomi 8',17132000,20,'new 1000% VN/A')
INSERT INTO SAN_PHAM VALUES ('truong_ch', N'Điện Thoại', 'Samsung galaxy 10',7981000,20,'new 1000% VN/A')
INSERT INTO SAN_PHAM VALUES ('truong_ch', N'Điện Thoại', 'Iphone 3',33323000,20,'new 1000% VN/A')
INSERT INTO SAN_PHAM VALUES ('truong_ch', N'Điện Thoại', 'Xiomi 8',21277000,20,'new 1000% VN/A')
INSERT INTO SAN_PHAM VALUES ('truong_ch', N'Điện Thoại', 'BPhone 5',17305000,20,'new 1000% VN/A')
INSERT INTO SAN_PHAM VALUES ('truong_ch', N'Điện Thoại', 'Xiomi 10',20033000,20,'new 1000% VN/A')
INSERT INTO SAN_PHAM VALUES ('truong_ch', N'Điện Thoại', 'Iphone 4',4754000,20,'new 1000% VN/A')
INSERT INTO SAN_PHAM VALUES ('truong_ch', N'Điện Thoại', 'DPhone 4',2802000,20,'new 1000% VN/A')
INSERT INTO SAN_PHAM VALUES ('truong_ch', N'Điện Thoại', 'Samsum note 8',16725000,20,'new 1000% VN/A')
INSERT INTO SAN_PHAM VALUES ('truong_ch', N'Điện Thoại', 'Xiomi 4',8337000,20,'new 1000% VN/A')
INSERT INTO SAN_PHAM VALUES ('truong_ch', N'Điện Thoại', 'Xiomi 6',26386000,20,'new 1000% VN/A')
INSERT INTO SAN_PHAM VALUES ('truong_ch', N'Điện Thoại', 'Samsum note 7',12888000,20,'new 1000% VN/A')
INSERT INTO SAN_PHAM VALUES ('truong_ch', N'Điện Thoại', 'BPhone 5',1056000,20,'new 1000% VN/A')
INSERT INTO SAN_PHAM VALUES ('truong_ch', N'Điện Thoại', 'Nokia 7',13384000,20,'new 1000% VN/A')
INSERT INTO SAN_PHAM VALUES ('truong_ch', N'Điện Thoại', 'DPhone 4',23954000,20,'new 1000% VN/A')
INSERT INTO SAN_PHAM VALUES ('truong_ch', N'Điện Thoại', 'Nokia 7',21831000,20,'new 1000% VN/A')
INSERT INTO SAN_PHAM VALUES ('truong_ch', N'Điện Thoại', 'Iphone 8',22680000,20,'new 1000% VN/A')
INSERT INTO SAN_PHAM VALUES ('truong_ch', N'Điện Thoại', 'Ipad 9',2500000,20,'new 1000% VN/A')
INSERT INTO SAN_PHAM VALUES ('truong_ch', N'Điện Thoại', 'Iphone 7',29560000,20,'new 1000% VN/A')
INSERT INTO SAN_PHAM VALUES ('truong_ch', N'Điện Thoại', 'Xiomi 2',13440000,20,'new 1000% VN/A')
INSERT INTO SAN_PHAM VALUES ('truong_ch', N'Điện Thoại', 'Iphone 6',15622000,20,'new 1000% VN/A')
INSERT INTO SAN_PHAM VALUES ('truong_ch', N'Điện Thoại', 'Samsum note 10',21329000,20,'new 1000% VN/A')
INSERT INTO SAN_PHAM VALUES ('truong_ch', N'Điện Thoại', 'Samsung galaxy 1',11478000,20,'new 1000% VN/A')
INSERT INTO SAN_PHAM VALUES ('truong_ch', N'Điện Thoại', 'SamSung 5',29678000,20,'new 1000% VN/A')
INSERT INTO SAN_PHAM VALUES ('truong_ch', N'Điện Thoại', 'Ipad 1',19883000,20,'new 1000% VN/A')
INSERT INTO SAN_PHAM VALUES ('truong_ch', N'Điện Thoại', 'Xiomi 7',6444000,20,'new 1000% VN/A')
INSERT INTO SAN_PHAM VALUES ('truong_ch', N'Điện Thoại', 'DPhone 6',6351000,20,'new 1000% VN/A')
INSERT INTO SAN_PHAM VALUES ('truong_ch', N'Điện Thoại', 'Nokia 9',13115000,20,'new 1000% VN/A')
INSERT INTO SAN_PHAM VALUES ('truong_ch', N'Điện Thoại', 'Iphone 5',31820000,20,'new 1000% VN/A')
INSERT INTO SAN_PHAM VALUES ('truong_ch', N'Điện Thoại', 'Samsum note 4',28087000,20,'new 1000% VN/A')
INSERT INTO SAN_PHAM VALUES ('truong_ch', N'Điện Thoại', 'Samsung galaxy 3',8009000,20,'new 1000% VN/A')
INSERT INTO SAN_PHAM VALUES ('truong_ch', N'Điện Thoại', 'Xiomi 3',27824000,20,'new 1000% VN/A')
INSERT INTO SAN_PHAM VALUES ('truong_ch', N'Điện Thoại', 'DPhone 4',24315000,20,'new 1000% VN/A')
INSERT INTO SAN_PHAM VALUES ('truong_ch', N'Điện Thoại', 'Nokia 8',11768000,20,'new 1000% VN/A')
INSERT INTO SAN_PHAM VALUES ('truong_ch', N'Điện Thoại', 'Nokia 1',33753000,20,'new 1000% VN/A')
INSERT INTO SAN_PHAM VALUES ('truong_ch', N'Điện Thoại', 'Samsung galaxy 3',13905000,20,'new 1000% VN/A')
INSERT INTO SAN_PHAM VALUES ('truong_ch', N'Điện Thoại', 'Iphone 5',8743000,20,'new 1000% VN/A')
INSERT INTO SAN_PHAM VALUES ('truong_ch', N'Điện Thoại', 'SamSung 8',2647000,20,'new 1000% VN/A')
INSERT INTO SAN_PHAM VALUES ('truong_ch', N'Điện Thoại', 'SamSung 4',18923000,20,'new 1000% VN/A')
INSERT INTO SAN_PHAM VALUES ('truong_ch', N'Điện Thoại', 'Xiomi 6',16696000,20,'new 1000% VN/A')
INSERT INTO SAN_PHAM VALUES ('truong_ch', N'Điện Thoại', 'Samsum note 6',27110000,20,'new 1000% VN/A')
INSERT INTO SAN_PHAM VALUES ('truong_ch', N'Điện Thoại', 'Nokia 4',21400000,20,'new 1000% VN/A')
INSERT INTO SAN_PHAM VALUES ('truong_ch', N'Điện Thoại', 'SamSung 3',26160000,20,'new 1000% VN/A')
INSERT INTO SAN_PHAM VALUES ('truong_ch', N'Điện Thoại', 'Samsung galaxy 9',13105000,20,'new 1000% VN/A')
INSERT INTO SAN_PHAM VALUES ('truong_ch', N'Điện Thoại', 'Samsung galaxy 10',11905000,20,'new 1000% VN/A')
INSERT INTO SAN_PHAM VALUES ('truong_ch', N'Điện Thoại', 'Xiomi 1',18454000,20,'new 1000% VN/A')
INSERT INTO SAN_PHAM VALUES ('truong_ch', N'Điện Thoại', 'Nokia 10',26957000,20,'new 1000% VN/A')
INSERT INTO SAN_PHAM VALUES ('truong_ch', N'Điện Thoại', 'Ipad 7',13975000,20,'new 1000% VN/A')
INSERT INTO SAN_PHAM VALUES ('truong_ch', N'Điện Thoại', 'Iphone 10',24640000,20,'new 1000% VN/A')
INSERT INTO SAN_PHAM VALUES ('truong_ch', N'Điện Thoại', 'Samsung galaxy 6',23873000,20,'new 1000% VN/A')
INSERT INTO SAN_PHAM VALUES ('truong_ch', N'Điện Thoại', 'Nokia 9',4032000,20,'new 1000% VN/A')
INSERT INTO SAN_PHAM VALUES ('truong_ch', N'Điện Thoại', 'Samsung galaxy 2',23662000,20,'new 1000% VN/A')
INSERT INTO SAN_PHAM VALUES ('truong_ch', N'Điện Thoại', 'Samsum note 3',24183000,20,'new 1000% VN/A')
INSERT INTO SAN_PHAM VALUES ('truong_ch', N'Điện Thoại', 'Nokia 2',16729000,20,'new 1000% VN/A')
INSERT INTO SAN_PHAM VALUES ('truong_ch', N'Điện Thoại', 'DPhone 5',25365000,20,'new 1000% VN/A')
INSERT INTO SAN_PHAM VALUES ('uy_ch', N'Đồ Gia Dụng',N'Mền 9',11456000,20,N'hàng siêu đẹp siêu xịn, lỗi vẫn xịn')
INSERT INTO SAN_PHAM VALUES ('uy_ch', N'Đồ Gia Dụng',N'Chiếu 6',3536000,20,N'hàng siêu đẹp siêu xịn, lỗi vẫn xịn')
INSERT INTO SAN_PHAM VALUES ('uy_ch', N'Đồ Gia Dụng',N'Tủ quần áo 4',4459000,20,N'hàng siêu đẹp siêu xịn, lỗi vẫn xịn')
INSERT INTO SAN_PHAM VALUES ('uy_ch', N'Đồ Gia Dụng',N'Tủ quần áo 3',22601000,20,N'hàng siêu đẹp siêu xịn, lỗi vẫn xịn')
INSERT INTO SAN_PHAM VALUES ('uy_ch', N'Đồ Gia Dụng',N'Bình gas 10',33083000,20,N'hàng siêu đẹp siêu xịn, lỗi vẫn xịn')
INSERT INTO SAN_PHAM VALUES ('uy_ch', N'Đồ Gia Dụng',N'Tủ quần áo 4',6618000,20,N'hàng siêu đẹp siêu xịn, lỗi vẫn xịn')
INSERT INTO SAN_PHAM VALUES ('uy_ch', N'Đồ Gia Dụng',N'Bình nấu nước 9',32652000,20,N'hàng siêu đẹp siêu xịn, lỗi vẫn xịn')
INSERT INTO SAN_PHAM VALUES ('uy_ch', N'Đồ Gia Dụng',N'Bếp từ 6',6014000,20,N'hàng siêu đẹp siêu xịn, lỗi vẫn xịn')
INSERT INTO SAN_PHAM VALUES ('uy_ch', N'Đồ Gia Dụng',N'Tủ quần áo 8',1547000,20,N'hàng siêu đẹp siêu xịn, lỗi vẫn xịn')
INSERT INTO SAN_PHAM VALUES ('uy_ch', N'Đồ Gia Dụng',N'Quạt máy 8',11730000,20,N'hàng siêu đẹp siêu xịn, lỗi vẫn xịn')
INSERT INTO SAN_PHAM VALUES ('uy_ch', N'Đồ Gia Dụng',N'Bếp ga 4',25941000,20,N'hàng siêu đẹp siêu xịn, lỗi vẫn xịn')
INSERT INTO SAN_PHAM VALUES ('uy_ch', N'Đồ Gia Dụng',N'Tủ lạnh 9',22752000,20,N'hàng siêu đẹp siêu xịn, lỗi vẫn xịn')
INSERT INTO SAN_PHAM VALUES ('uy_ch', N'Đồ Gia Dụng',N'Nệm điều hòa 7',31989000,20,N'hàng siêu đẹp siêu xịn, lỗi vẫn xịn')
INSERT INTO SAN_PHAM VALUES ('uy_ch', N'Đồ Gia Dụng',N'Bộ dụng cụ sửa đồ 3',12464000,20,N'hàng siêu đẹp siêu xịn, lỗi vẫn xịn')
INSERT INTO SAN_PHAM VALUES ('uy_ch', N'Đồ Gia Dụng',N'Bếp ga 6',32414000,20,N'hàng siêu đẹp siêu xịn, lỗi vẫn xịn')
INSERT INTO SAN_PHAM VALUES ('uy_ch', N'Đồ Gia Dụng',N'Gối 2',33495000,20,N'hàng siêu đẹp siêu xịn, lỗi vẫn xịn')
INSERT INTO SAN_PHAM VALUES ('uy_ch', N'Đồ Gia Dụng',N'Bếp thang 3',7860000,20,N'hàng siêu đẹp siêu xịn, lỗi vẫn xịn')
INSERT INTO SAN_PHAM VALUES ('uy_ch', N'Đồ Gia Dụng',N'Máy sưởi 4',20597000,20,N'hàng siêu đẹp siêu xịn, lỗi vẫn xịn')
INSERT INTO SAN_PHAM VALUES ('uy_ch', N'Đồ Gia Dụng',N'Bếp ga 5',18558000,20,N'hàng siêu đẹp siêu xịn, lỗi vẫn xịn')
INSERT INTO SAN_PHAM VALUES ('uy_ch', N'Đồ Gia Dụng',N'Quạt máy 6',30061000,20,N'hàng siêu đẹp siêu xịn, lỗi vẫn xịn')
INSERT INTO SAN_PHAM VALUES ('uy_ch', N'Đồ Gia Dụng',N'Gối 3',13976000,20,N'hàng siêu đẹp siêu xịn, lỗi vẫn xịn')
INSERT INTO SAN_PHAM VALUES ('uy_ch', N'Đồ Gia Dụng',N'Bếp thang 10',26803000,20,N'hàng siêu đẹp siêu xịn, lỗi vẫn xịn')
INSERT INTO SAN_PHAM VALUES ('uy_ch', N'Đồ Gia Dụng',N'Quạt máy 1',16514000,20,N'hàng siêu đẹp siêu xịn, lỗi vẫn xịn')
INSERT INTO SAN_PHAM VALUES ('uy_ch', N'Đồ Gia Dụng',N'Tủ quần áo 5',12033000,20,N'hàng siêu đẹp siêu xịn, lỗi vẫn xịn')
INSERT INTO SAN_PHAM VALUES ('uy_ch', N'Đồ Gia Dụng',N'Gối 5',21596000,20,N'hàng siêu đẹp siêu xịn, lỗi vẫn xịn')
INSERT INTO SAN_PHAM VALUES ('uy_ch', N'Đồ Gia Dụng',N'Nệm điều hòa 3',4189000,20,N'hàng siêu đẹp siêu xịn, lỗi vẫn xịn')
INSERT INTO SAN_PHAM VALUES ('uy_ch', N'Đồ Gia Dụng',N'Máy giặt 10',32812000,20,N'hàng siêu đẹp siêu xịn, lỗi vẫn xịn')
INSERT INTO SAN_PHAM VALUES ('uy_ch', N'Đồ Gia Dụng',N'Bình nấu nước 8',13868000,20,N'hàng siêu đẹp siêu xịn, lỗi vẫn xịn')
INSERT INTO SAN_PHAM VALUES ('uy_ch', N'Đồ Gia Dụng',N'Quạt máy 8',12358000,20,N'hàng siêu đẹp siêu xịn, lỗi vẫn xịn')
INSERT INTO SAN_PHAM VALUES ('uy_ch', N'Đồ Gia Dụng',N'Tủ lạnh 4',23247000,20,N'hàng siêu đẹp siêu xịn, lỗi vẫn xịn')
INSERT INTO SAN_PHAM VALUES ('uy_ch', N'Đồ Gia Dụng',N'Bộ dụng cụ sửa đồ 9',28846000,20,N'hàng siêu đẹp siêu xịn, lỗi vẫn xịn')
INSERT INTO SAN_PHAM VALUES ('uy_ch', N'Đồ Gia Dụng',N'Tivi 5',29939000,20,N'hàng siêu đẹp siêu xịn, lỗi vẫn xịn')
INSERT INTO SAN_PHAM VALUES ('uy_ch', N'Đồ Gia Dụng',N'Bếp ga 5',7557000,20,N'hàng siêu đẹp siêu xịn, lỗi vẫn xịn')
INSERT INTO SAN_PHAM VALUES ('uy_ch', N'Đồ Gia Dụng',N'Mền 2',6176000,20,N'hàng siêu đẹp siêu xịn, lỗi vẫn xịn')
INSERT INTO SAN_PHAM VALUES ('uy_ch', N'Đồ Gia Dụng',N'Tủ lạnh 7',4839000,20,N'hàng siêu đẹp siêu xịn, lỗi vẫn xịn')
INSERT INTO SAN_PHAM VALUES ('uy_ch', N'Đồ Gia Dụng',N'Bếp thang 4',28974000,20,N'hàng siêu đẹp siêu xịn, lỗi vẫn xịn')
INSERT INTO SAN_PHAM VALUES ('uy_ch', N'Đồ Gia Dụng',N'Tivi 10',9926000,20,N'hàng siêu đẹp siêu xịn, lỗi vẫn xịn')
INSERT INTO SAN_PHAM VALUES ('uy_ch', N'Đồ Gia Dụng',N'Bình nấu nước 4',8358000,20,N'hàng siêu đẹp siêu xịn, lỗi vẫn xịn')
INSERT INTO SAN_PHAM VALUES ('uy_ch', N'Đồ Gia Dụng',N'Tủ lạnh 5',6045000,20,N'hàng siêu đẹp siêu xịn, lỗi vẫn xịn')
INSERT INTO SAN_PHAM VALUES ('uy_ch', N'Đồ Gia Dụng',N'Bếp ga 4',3640000,20,N'hàng siêu đẹp siêu xịn, lỗi vẫn xịn')
INSERT INTO SAN_PHAM VALUES ('uy_ch', N'Đồ Gia Dụng',N'Đèn pin 6',12567000,20,N'hàng siêu đẹp siêu xịn, lỗi vẫn xịn')
INSERT INTO SAN_PHAM VALUES ('uy_ch', N'Đồ Gia Dụng',N'Chiếu 10',30666000,20,N'hàng siêu đẹp siêu xịn, lỗi vẫn xịn')
INSERT INTO SAN_PHAM VALUES ('uy_ch', N'Đồ Gia Dụng',N'Máy giặt 3',17404000,20,N'hàng siêu đẹp siêu xịn, lỗi vẫn xịn')
INSERT INTO SAN_PHAM VALUES ('uy_ch', N'Đồ Gia Dụng',N'Gối 10',17368000,20,N'hàng siêu đẹp siêu xịn, lỗi vẫn xịn')
INSERT INTO SAN_PHAM VALUES ('uy_ch', N'Đồ Gia Dụng',N'Bình gas 8',16640000,20,N'hàng siêu đẹp siêu xịn, lỗi vẫn xịn')
INSERT INTO SAN_PHAM VALUES ('uy_ch', N'Đồ Gia Dụng',N'Bếp thang 3',21006000,20,N'hàng siêu đẹp siêu xịn, lỗi vẫn xịn')
INSERT INTO SAN_PHAM VALUES ('uy_ch', N'Đồ Gia Dụng',N'Máy sưởi 9',24143000,20,N'hàng siêu đẹp siêu xịn, lỗi vẫn xịn')
INSERT INTO SAN_PHAM VALUES ('uy_ch', N'Đồ Gia Dụng',N'Bếp ga 8',30318000,20,N'hàng siêu đẹp siêu xịn, lỗi vẫn xịn')
INSERT INTO SAN_PHAM VALUES ('uy_ch', N'Đồ Gia Dụng',N'Máy giặt 7',15839000,20,N'hàng siêu đẹp siêu xịn, lỗi vẫn xịn')
INSERT INTO SAN_PHAM VALUES ('uy_ch', N'Đồ Gia Dụng',N'Bếp từ 2',19035000,20,N'hàng siêu đẹp siêu xịn, lỗi vẫn xịn')
INSERT INTO SAN_PHAM VALUES ('uy_ch', N'Đồ Gia Dụng',N'Bếp từ 9',7932000,20,N'hàng siêu đẹp siêu xịn, lỗi vẫn xịn')
INSERT INTO SAN_PHAM VALUES ('uy_ch', N'Đồ Gia Dụng',N'Gối 2',23648000,20,N'hàng siêu đẹp siêu xịn, lỗi vẫn xịn')
INSERT INTO SAN_PHAM VALUES ('uy_ch', N'Đồ Gia Dụng',N'Bếp ga 10',20356000,20,N'hàng siêu đẹp siêu xịn, lỗi vẫn xịn')
INSERT INTO SAN_PHAM VALUES ('uy_ch', N'Đồ Gia Dụng',N'Bộ dụng cụ sửa đồ 2',21135000,20,N'hàng siêu đẹp siêu xịn, lỗi vẫn xịn')
INSERT INTO SAN_PHAM VALUES ('uy_ch', N'Đồ Gia Dụng',N'Bếp ga 2',25029000,20,N'hàng siêu đẹp siêu xịn, lỗi vẫn xịn')
INSERT INTO SAN_PHAM VALUES ('uy_ch', N'Đồ Gia Dụng',N'Máy lạnh 1',7366000,20,N'hàng siêu đẹp siêu xịn, lỗi vẫn xịn')
INSERT INTO SAN_PHAM VALUES ('uy_ch', N'Đồ Gia Dụng',N'Mền 4',12813000,20,N'hàng siêu đẹp siêu xịn, lỗi vẫn xịn')
INSERT INTO SAN_PHAM VALUES ('uy_ch', N'Đồ Gia Dụng',N'Máy lạnh 5',11078000,20,N'hàng siêu đẹp siêu xịn, lỗi vẫn xịn')
INSERT INTO SAN_PHAM VALUES ('uy_ch', N'Đồ Gia Dụng',N'Tủ lạnh 1',4925000,20,N'hàng siêu đẹp siêu xịn, lỗi vẫn xịn')
INSERT INTO SAN_PHAM VALUES ('uy_ch', N'Đồ Gia Dụng',N'Bộ dụng cụ sửa đồ 5',4949000,20,N'hàng siêu đẹp siêu xịn, lỗi vẫn xịn')
INSERT INTO SAN_PHAM VALUES ('uy_ch', N'Đồ Gia Dụng',N'Bếp thang 7',7170000,20,N'hàng siêu đẹp siêu xịn, lỗi vẫn xịn')
INSERT INTO SAN_PHAM VALUES ('uy_ch', N'Đồ Gia Dụng',N'Bếp ga 5',28392000,20,N'hàng siêu đẹp siêu xịn, lỗi vẫn xịn')
INSERT INTO SAN_PHAM VALUES ('uy_ch', N'Đồ Gia Dụng',N'Đèn pin 1',5768000,20,N'hàng siêu đẹp siêu xịn, lỗi vẫn xịn')
INSERT INTO SAN_PHAM VALUES ('uy_ch', N'Đồ Gia Dụng',N'Bếp từ 8',25993000,20,N'hàng siêu đẹp siêu xịn, lỗi vẫn xịn')
INSERT INTO SAN_PHAM VALUES ('uy_ch', N'Đồ Gia Dụng',N'Tủ quần áo 4',4788000,20,N'hàng siêu đẹp siêu xịn, lỗi vẫn xịn')
INSERT INTO SAN_PHAM VALUES ('uy_ch', N'Đồ Gia Dụng',N'Máy sưởi 3',31730000,20,N'hàng siêu đẹp siêu xịn, lỗi vẫn xịn')
INSERT INTO SAN_PHAM VALUES ('uy_ch', N'Đồ Gia Dụng',N'Tủ lạnh 5',8022000,20,N'hàng siêu đẹp siêu xịn, lỗi vẫn xịn')
INSERT INTO SAN_PHAM VALUES ('uy_ch', N'Đồ Gia Dụng',N'Bếp thang 5',21782000,20,N'hàng siêu đẹp siêu xịn, lỗi vẫn xịn')
INSERT INTO SAN_PHAM VALUES ('uy_ch', N'Đồ Gia Dụng',N'Mền 6',18642000,20,N'hàng siêu đẹp siêu xịn, lỗi vẫn xịn')
INSERT INTO SAN_PHAM VALUES ('uy_ch', N'Đồ Gia Dụng',N'Mền 10',19081000,20,N'hàng siêu đẹp siêu xịn, lỗi vẫn xịn')
INSERT INTO SAN_PHAM VALUES ('uy_ch', N'Đồ Gia Dụng',N'Quạt máy 1',15393000,20,N'hàng siêu đẹp siêu xịn, lỗi vẫn xịn')
INSERT INTO SAN_PHAM VALUES ('uy_ch', N'Đồ Gia Dụng',N'Tủ quần áo 5',31631000,20,N'hàng siêu đẹp siêu xịn, lỗi vẫn xịn')
INSERT INTO SAN_PHAM VALUES ('uy_ch', N'Đồ Gia Dụng',N'Máy giặt 9',25420000,20,N'hàng siêu đẹp siêu xịn, lỗi vẫn xịn')
INSERT INTO SAN_PHAM VALUES ('uy_ch', N'Đồ Gia Dụng',N'Quạt máy 6',31035000,20,N'hàng siêu đẹp siêu xịn, lỗi vẫn xịn')
INSERT INTO SAN_PHAM VALUES ('uy_ch', N'Đồ Gia Dụng',N'Tivi 9',3237000,20,N'hàng siêu đẹp siêu xịn, lỗi vẫn xịn')
INSERT INTO SAN_PHAM VALUES ('uy_ch', N'Đồ Gia Dụng',N'Máy lạnh 9',23383000,20,N'hàng siêu đẹp siêu xịn, lỗi vẫn xịn')
INSERT INTO SAN_PHAM VALUES ('uy_ch', N'Đồ Gia Dụng',N'Gối 8',16491000,20,N'hàng siêu đẹp siêu xịn, lỗi vẫn xịn')
INSERT INTO SAN_PHAM VALUES ('uy_ch', N'Đồ Gia Dụng',N'Tivi 5',7447000,20,N'hàng siêu đẹp siêu xịn, lỗi vẫn xịn')
INSERT INTO SAN_PHAM VALUES ('uy_ch', N'Đồ Gia Dụng',N'Máy lạnh 9',24736000,20,N'hàng siêu đẹp siêu xịn, lỗi vẫn xịn')
INSERT INTO SAN_PHAM VALUES ('uy_ch', N'Đồ Gia Dụng',N'Bếp ga 9',29128000,20,N'hàng siêu đẹp siêu xịn, lỗi vẫn xịn')
INSERT INTO SAN_PHAM VALUES ('uy_ch', N'Đồ Gia Dụng',N'Bình gas 1',7473000,20,N'hàng siêu đẹp siêu xịn, lỗi vẫn xịn')
INSERT INTO SAN_PHAM VALUES ('uy_ch', N'Đồ Gia Dụng',N'Bình gas 8',8432000,20,N'hàng siêu đẹp siêu xịn, lỗi vẫn xịn')
INSERT INTO SAN_PHAM VALUES ('uy_ch', N'Đồ Gia Dụng',N'Nệm điều hòa 5',15051000,20,N'hàng siêu đẹp siêu xịn, lỗi vẫn xịn')
INSERT INTO SAN_PHAM VALUES ('uy_ch', N'Đồ Gia Dụng',N'Gối 5',13986000,20,N'hàng siêu đẹp siêu xịn, lỗi vẫn xịn')
INSERT INTO SAN_PHAM VALUES ('uy_ch', N'Đồ Gia Dụng',N'Bếp từ 10',13550000,20,N'hàng siêu đẹp siêu xịn, lỗi vẫn xịn')
INSERT INTO SAN_PHAM VALUES ('uy_ch', N'Đồ Gia Dụng',N'Đèn pin 2',16365000,20,N'hàng siêu đẹp siêu xịn, lỗi vẫn xịn')
INSERT INTO SAN_PHAM VALUES ('uy_ch', N'Đồ Gia Dụng',N'Tủ quần áo 9',29719000,20,N'hàng siêu đẹp siêu xịn, lỗi vẫn xịn')
INSERT INTO SAN_PHAM VALUES ('uy_ch', N'Đồ Gia Dụng',N'Bếp ga 1',13493000,20,N'hàng siêu đẹp siêu xịn, lỗi vẫn xịn')
INSERT INTO SAN_PHAM VALUES ('uy_ch', N'Đồ Gia Dụng',N'Tủ lạnh 5',14115000,20,N'hàng siêu đẹp siêu xịn, lỗi vẫn xịn')
INSERT INTO SAN_PHAM VALUES ('uy_ch', N'Đồ Gia Dụng',N'Gối 10',26453000,20,N'hàng siêu đẹp siêu xịn, lỗi vẫn xịn')
INSERT INTO SAN_PHAM VALUES ('uy_ch', N'Đồ Gia Dụng',N'Bếp ga 4',31532000,20,N'hàng siêu đẹp siêu xịn, lỗi vẫn xịn')
INSERT INTO SAN_PHAM VALUES ('uy_ch', N'Đồ Gia Dụng',N'Bếp từ 4',10194000,20,N'hàng siêu đẹp siêu xịn, lỗi vẫn xịn')
INSERT INTO SAN_PHAM VALUES ('uy_ch', N'Đồ Gia Dụng',N'Bình gas 9',12186000,20,N'hàng siêu đẹp siêu xịn, lỗi vẫn xịn')
INSERT INTO SAN_PHAM VALUES ('uy_ch', N'Đồ Gia Dụng',N'Máy lạnh 8',2968000,20,N'hàng siêu đẹp siêu xịn, lỗi vẫn xịn')
INSERT INTO SAN_PHAM VALUES ('uy_ch', N'Đồ Gia Dụng',N'Bếp từ 10',27678000,20,N'hàng siêu đẹp siêu xịn, lỗi vẫn xịn')
INSERT INTO SAN_PHAM VALUES ('uy_ch', N'Đồ Gia Dụng',N'Gối 9',19438000,20,N'hàng siêu đẹp siêu xịn, lỗi vẫn xịn')
INSERT INTO SAN_PHAM VALUES ('uy_ch', N'Đồ Gia Dụng',N'Bếp từ 4',15557000,20,N'hàng siêu đẹp siêu xịn, lỗi vẫn xịn')
INSERT INTO SAN_PHAM VALUES ('uy_ch', N'Đồ Gia Dụng',N'Máy lạnh 3',15520000,20,N'hàng siêu đẹp siêu xịn, lỗi vẫn xịn')
INSERT INTO SAN_PHAM VALUES ('uy_ch', N'Đồ Gia Dụng',N'Tủ lạnh 8',31857000,20,N'hàng siêu đẹp siêu xịn, lỗi vẫn xịn')
INSERT INTO SAN_PHAM VALUES ('uy_ch', N'Đồ Gia Dụng',N'Đèn pin 3',18839000,20,N'hàng siêu đẹp siêu xịn, lỗi vẫn xịn')
INSERT INTO SAN_PHAM VALUES ('uy_ch', N'Đồ Gia Dụng',N'Bếp thang 10',12375000,20,N'hàng siêu đẹp siêu xịn, lỗi vẫn xịn')
INSERT INTO SAN_PHAM VALUES ('uy_ch', N'Đồ Gia Dụng',N'Đèn pin 10',1368000,20,N'hàng siêu đẹp siêu xịn, lỗi vẫn xịn')
INSERT INTO SAN_PHAM VALUES ('uy_ch', N'Đồ Gia Dụng',N'Quạt máy 3',30544000,20,N'hàng siêu đẹp siêu xịn, lỗi vẫn xịn')
INSERT INTO SAN_PHAM VALUES ('uy_ch', N'Đồ Gia Dụng',N'Mền 8',27548000,20,N'hàng siêu đẹp siêu xịn, lỗi vẫn xịn')
INSERT INTO SAN_PHAM VALUES ('uy_ch', N'Đồ Gia Dụng',N'Chiếu 5',30241000,20,N'hàng siêu đẹp siêu xịn, lỗi vẫn xịn')
INSERT INTO SAN_PHAM VALUES ('uy_ch', N'Đồ Gia Dụng',N'Máy giặt 6',25213000,20,N'hàng siêu đẹp siêu xịn, lỗi vẫn xịn')
INSERT INTO SAN_PHAM VALUES ('uy_ch', N'Đồ Gia Dụng',N'Bếp thang 10',17928000,20,N'hàng siêu đẹp siêu xịn, lỗi vẫn xịn')
INSERT INTO SAN_PHAM VALUES ('uy_ch', N'Đồ Gia Dụng',N'Bình gas 3',2551000,20,N'hàng siêu đẹp siêu xịn, lỗi vẫn xịn')
INSERT INTO SAN_PHAM VALUES ('uy_ch', N'Đồ Gia Dụng',N'Tủ lạnh 8',23854000,20,N'hàng siêu đẹp siêu xịn, lỗi vẫn xịn')
INSERT INTO SAN_PHAM VALUES ('uy_ch', N'Đồ Gia Dụng',N'Bếp từ 5',23716000,20,N'hàng siêu đẹp siêu xịn, lỗi vẫn xịn')
INSERT INTO SAN_PHAM VALUES ('uy_ch', N'Đồ Gia Dụng',N'Bếp ga 2',16586000,20,N'hàng siêu đẹp siêu xịn, lỗi vẫn xịn')
INSERT INTO SAN_PHAM VALUES ('uy_ch', N'Đồ Gia Dụng',N'Bộ dụng cụ sửa đồ 9',22014000,20,N'hàng siêu đẹp siêu xịn, lỗi vẫn xịn')
INSERT INTO SAN_PHAM VALUES ('uy_ch', N'Đồ Gia Dụng',N'Đèn pin 7',7969000,20,N'hàng siêu đẹp siêu xịn, lỗi vẫn xịn')
INSERT INTO SAN_PHAM VALUES ('uy_ch', N'Đồ Gia Dụng',N'Tivi 2',4492000,20,N'hàng siêu đẹp siêu xịn, lỗi vẫn xịn')
INSERT INTO SAN_PHAM VALUES ('uy_ch', N'Đồ Gia Dụng',N'Đèn pin 2',17313000,20,N'hàng siêu đẹp siêu xịn, lỗi vẫn xịn')
INSERT INTO SAN_PHAM VALUES ('uy_ch', N'Đồ Gia Dụng',N'Máy lạnh 6',29641000,20,N'hàng siêu đẹp siêu xịn, lỗi vẫn xịn')
INSERT INTO SAN_PHAM VALUES ('uy_ch', N'Đồ Gia Dụng',N'Bếp thang 9',16845000,20,N'hàng siêu đẹp siêu xịn, lỗi vẫn xịn')
INSERT INTO SAN_PHAM VALUES ('uy_ch', N'Đồ Gia Dụng',N'Tủ quần áo 1',14501000,20,N'hàng siêu đẹp siêu xịn, lỗi vẫn xịn')
INSERT INTO SAN_PHAM VALUES ('uy_ch', N'Đồ Gia Dụng',N'Tủ quần áo 6',17329000,20,N'hàng siêu đẹp siêu xịn, lỗi vẫn xịn')
INSERT INTO SAN_PHAM VALUES ('uy_ch', N'Đồ Gia Dụng',N'Bếp thang 5',3302000,20,N'hàng siêu đẹp siêu xịn, lỗi vẫn xịn')
INSERT INTO SAN_PHAM VALUES ('uy_ch', N'Đồ Gia Dụng',N'Máy sưởi 10',12053000,20,N'hàng siêu đẹp siêu xịn, lỗi vẫn xịn')
INSERT INTO SAN_PHAM VALUES ('uy_ch', N'Đồ Gia Dụng',N'Bộ dụng cụ sửa đồ 10',28384000,20,N'hàng siêu đẹp siêu xịn, lỗi vẫn xịn')
INSERT INTO SAN_PHAM VALUES ('uy_ch', N'Đồ Gia Dụng',N'Tủ lạnh 4',24753000,20,N'hàng siêu đẹp siêu xịn, lỗi vẫn xịn')
INSERT INTO SAN_PHAM VALUES ('uy_ch', N'Đồ Gia Dụng',N'Máy giặt 6',18491000,20,N'hàng siêu đẹp siêu xịn, lỗi vẫn xịn')
INSERT INTO SAN_PHAM VALUES ('uy_ch', N'Đồ Gia Dụng',N'Bộ dụng cụ sửa đồ 6',7942000,20,N'hàng siêu đẹp siêu xịn, lỗi vẫn xịn')
INSERT INTO SAN_PHAM VALUES ('uy_ch', N'Đồ Gia Dụng',N'Bộ dụng cụ sửa đồ 9',21944000,20,N'hàng siêu đẹp siêu xịn, lỗi vẫn xịn')
INSERT INTO SAN_PHAM VALUES ('uy_ch', N'Đồ Gia Dụng',N'Máy giặt 3',11946000,20,N'hàng siêu đẹp siêu xịn, lỗi vẫn xịn')
INSERT INTO SAN_PHAM VALUES ('uy_ch', N'Đồ Gia Dụng',N'Tủ quần áo 10',21306000,20,N'hàng siêu đẹp siêu xịn, lỗi vẫn xịn')
INSERT INTO SAN_PHAM VALUES ('uy_ch', N'Đồ Gia Dụng',N'Bếp từ 3',12338000,20,N'hàng siêu đẹp siêu xịn, lỗi vẫn xịn')
INSERT INTO SAN_PHAM VALUES ('uy_ch', N'Đồ Gia Dụng',N'Tủ quần áo 8',20864000,20,N'hàng siêu đẹp siêu xịn, lỗi vẫn xịn')
INSERT INTO SAN_PHAM VALUES ('uy_ch', N'Đồ Gia Dụng',N'Tivi 7',13297000,20,N'hàng siêu đẹp siêu xịn, lỗi vẫn xịn')
INSERT INTO SAN_PHAM VALUES ('uy_ch', N'Đồ Gia Dụng',N'Bình nấu nước 5',26699000,20,N'hàng siêu đẹp siêu xịn, lỗi vẫn xịn')
INSERT INTO SAN_PHAM VALUES ('uy_ch', N'Đồ Gia Dụng',N'Bếp thang 8',19022000,20,N'hàng siêu đẹp siêu xịn, lỗi vẫn xịn')
INSERT INTO SAN_PHAM VALUES ('uy_ch', N'Đồ Gia Dụng',N'Bộ dụng cụ sửa đồ 6',29422000,20,N'hàng siêu đẹp siêu xịn, lỗi vẫn xịn')
INSERT INTO SAN_PHAM VALUES ('uy_ch', N'Đồ Gia Dụng',N'Chiếu 10',22370000,20,N'hàng siêu đẹp siêu xịn, lỗi vẫn xịn')
INSERT INTO SAN_PHAM VALUES ('uy_ch', N'Đồ Gia Dụng',N'Bình gas 8',32374000,20,N'hàng siêu đẹp siêu xịn, lỗi vẫn xịn')
INSERT INTO SAN_PHAM VALUES ('uy_ch', N'Đồ Gia Dụng',N'Bếp thang 9',9998000,20,N'hàng siêu đẹp siêu xịn, lỗi vẫn xịn')
INSERT INTO SAN_PHAM VALUES ('uy_ch', N'Đồ Gia Dụng',N'Bình gas 8',22504000,20,N'hàng siêu đẹp siêu xịn, lỗi vẫn xịn')
INSERT INTO SAN_PHAM VALUES ('uy_ch', N'Đồ Gia Dụng',N'Máy sưởi 1',15070000,20,N'hàng siêu đẹp siêu xịn, lỗi vẫn xịn')
INSERT INTO SAN_PHAM VALUES ('uy_ch', N'Đồ Gia Dụng',N'Bếp ga 5',3663000,20,N'hàng siêu đẹp siêu xịn, lỗi vẫn xịn')
INSERT INTO SAN_PHAM VALUES ('uy_ch', N'Đồ Gia Dụng',N'Bếp thang 9',7488000,20,N'hàng siêu đẹp siêu xịn, lỗi vẫn xịn')
INSERT INTO SAN_PHAM VALUES ('uy_ch', N'Đồ Gia Dụng',N'Nệm điều hòa 1',3981000,20,N'hàng siêu đẹp siêu xịn, lỗi vẫn xịn')
INSERT INTO SAN_PHAM VALUES ('uy_ch', N'Đồ Gia Dụng',N'Tivi 8',15878000,20,N'hàng siêu đẹp siêu xịn, lỗi vẫn xịn')
INSERT INTO SAN_PHAM VALUES ('uy_ch', N'Đồ Gia Dụng',N'Tivi 5',6183000,20,N'hàng siêu đẹp siêu xịn, lỗi vẫn xịn')
INSERT INTO SAN_PHAM VALUES ('uy_ch', N'Đồ Gia Dụng',N'Bếp thang 8',2599000,20,N'hàng siêu đẹp siêu xịn, lỗi vẫn xịn')
INSERT INTO SAN_PHAM VALUES ('uy_ch', N'Đồ Gia Dụng',N'Mền 2',19847000,20,N'hàng siêu đẹp siêu xịn, lỗi vẫn xịn')
INSERT INTO SAN_PHAM VALUES ('uy_ch', N'Đồ Gia Dụng',N'Máy giặt 8',9528000,20,N'hàng siêu đẹp siêu xịn, lỗi vẫn xịn')
INSERT INTO SAN_PHAM VALUES ('uy_ch', N'Đồ Gia Dụng',N'Máy lạnh 8',22383000,20,N'hàng siêu đẹp siêu xịn, lỗi vẫn xịn')
INSERT INTO SAN_PHAM VALUES ('uy_ch', N'Đồ Gia Dụng',N'Chiếu 6',29978000,20,N'hàng siêu đẹp siêu xịn, lỗi vẫn xịn')
INSERT INTO SAN_PHAM VALUES ('uy_ch', N'Đồ Gia Dụng',N'Bếp từ 1',30863000,20,N'hàng siêu đẹp siêu xịn, lỗi vẫn xịn')
INSERT INTO SAN_PHAM VALUES ('uy_ch', N'Đồ Gia Dụng',N'Bình gas 2',8393000,20,N'hàng siêu đẹp siêu xịn, lỗi vẫn xịn')
INSERT INTO SAN_PHAM VALUES ('uy_ch', N'Đồ Gia Dụng',N'Bình nấu nước 9',20335000,20,N'hàng siêu đẹp siêu xịn, lỗi vẫn xịn')
INSERT INTO SAN_PHAM VALUES ('uy_ch', N'Đồ Gia Dụng',N'Bình nấu nước 3',18780000,20,N'hàng siêu đẹp siêu xịn, lỗi vẫn xịn')
INSERT INTO SAN_PHAM VALUES ('uy_ch', N'Đồ Gia Dụng',N'Quạt máy 7',24640000,20,N'hàng siêu đẹp siêu xịn, lỗi vẫn xịn')
INSERT INTO SAN_PHAM VALUES ('uy_ch', N'Đồ Gia Dụng',N'Chiếu 6',12420000,20,N'hàng siêu đẹp siêu xịn, lỗi vẫn xịn')
INSERT INTO SAN_PHAM VALUES ('uy_ch', N'Đồ Gia Dụng',N'Máy sưởi 9',7464000,20,N'hàng siêu đẹp siêu xịn, lỗi vẫn xịn')
INSERT INTO SAN_PHAM VALUES ('uy_ch', N'Đồ Gia Dụng',N'Bếp từ 7',16956000,20,N'hàng siêu đẹp siêu xịn, lỗi vẫn xịn')
INSERT INTO SAN_PHAM VALUES ('uy_ch', N'Đồ Gia Dụng',N'Bếp từ 10',9760000,20,N'hàng siêu đẹp siêu xịn, lỗi vẫn xịn')
INSERT INTO SAN_PHAM VALUES ('uy_ch', N'Đồ Gia Dụng',N'Tivi 7',8035000,20,N'hàng siêu đẹp siêu xịn, lỗi vẫn xịn')
INSERT INTO SAN_PHAM VALUES ('uy_ch', N'Đồ Gia Dụng',N'Gối 10',14982000,20,N'hàng siêu đẹp siêu xịn, lỗi vẫn xịn')
INSERT INTO SAN_PHAM VALUES ('uy_ch', N'Đồ Gia Dụng',N'Máy lạnh 3',25968000,20,N'hàng siêu đẹp siêu xịn, lỗi vẫn xịn')
INSERT INTO SAN_PHAM VALUES ('uy_ch', N'Đồ Gia Dụng',N'Đèn pin 10',9707000,20,N'hàng siêu đẹp siêu xịn, lỗi vẫn xịn')
INSERT INTO SAN_PHAM VALUES ('uy_ch', N'Đồ Gia Dụng',N'Bếp thang 9',5005000,20,N'hàng siêu đẹp siêu xịn, lỗi vẫn xịn')
INSERT INTO SAN_PHAM VALUES ('uy_ch', N'Đồ Gia Dụng',N'Tivi 3',7881000,20,N'hàng siêu đẹp siêu xịn, lỗi vẫn xịn')
INSERT INTO SAN_PHAM VALUES ('uy_ch', N'Đồ Gia Dụng',N'Nệm điều hòa 3',10159000,20,N'hàng siêu đẹp siêu xịn, lỗi vẫn xịn')
INSERT INTO SAN_PHAM VALUES ('uy_ch', N'Đồ Gia Dụng',N'Tủ quần áo 2',26914000,20,N'hàng siêu đẹp siêu xịn, lỗi vẫn xịn')
INSERT INTO SAN_PHAM VALUES ('uy_ch', N'Đồ Gia Dụng',N'Bếp ga 10',28303000,20,N'hàng siêu đẹp siêu xịn, lỗi vẫn xịn')
INSERT INTO SAN_PHAM VALUES ('uy_ch', N'Đồ Gia Dụng',N'Máy sưởi 1',26677000,20,N'hàng siêu đẹp siêu xịn, lỗi vẫn xịn')
INSERT INTO SAN_PHAM VALUES ('uy_ch', N'Đồ Gia Dụng',N'Quạt máy 7',6028000,20,N'hàng siêu đẹp siêu xịn, lỗi vẫn xịn')
INSERT INTO SAN_PHAM VALUES ('uy_ch', N'Đồ Gia Dụng',N'Máy sưởi 2',29139000,20,N'hàng siêu đẹp siêu xịn, lỗi vẫn xịn')
INSERT INTO SAN_PHAM VALUES ('uy_ch', N'Đồ Gia Dụng',N'Tủ lạnh 9',31197000,20,N'hàng siêu đẹp siêu xịn, lỗi vẫn xịn')
INSERT INTO SAN_PHAM VALUES ('uy_ch', N'Đồ Gia Dụng',N'Bếp từ 10',31480000,20,N'hàng siêu đẹp siêu xịn, lỗi vẫn xịn')
INSERT INTO SAN_PHAM VALUES ('uy_ch', N'Đồ Gia Dụng',N'Mền 1',10906000,20,N'hàng siêu đẹp siêu xịn, lỗi vẫn xịn')
INSERT INTO SAN_PHAM VALUES ('uy_ch', N'Đồ Gia Dụng',N'Bếp thang 3',26794000,20,N'hàng siêu đẹp siêu xịn, lỗi vẫn xịn')
INSERT INTO SAN_PHAM VALUES ('uy_ch', N'Đồ Gia Dụng',N'Tủ lạnh 1',7050000,20,N'hàng siêu đẹp siêu xịn, lỗi vẫn xịn')
INSERT INTO SAN_PHAM VALUES ('uy_ch', N'Đồ Gia Dụng',N'Chiếu 9',16731000,20,N'hàng siêu đẹp siêu xịn, lỗi vẫn xịn')
INSERT INTO SAN_PHAM VALUES ('uy_ch', N'Đồ Gia Dụng',N'Mền 8',2236000,20,N'hàng siêu đẹp siêu xịn, lỗi vẫn xịn')
INSERT INTO SAN_PHAM VALUES ('uy_ch', N'Đồ Gia Dụng',N'Tủ lạnh 2',31288000,20,N'hàng siêu đẹp siêu xịn, lỗi vẫn xịn')
INSERT INTO SAN_PHAM VALUES ('uy_ch', N'Đồ Gia Dụng',N'Chiếu 8',3910000,20,N'hàng siêu đẹp siêu xịn, lỗi vẫn xịn')
INSERT INTO SAN_PHAM VALUES ('uy_ch', N'Đồ Gia Dụng',N'Bình gas 8',31020000,20,N'hàng siêu đẹp siêu xịn, lỗi vẫn xịn')
INSERT INTO SAN_PHAM VALUES ('uy_ch', N'Đồ Gia Dụng',N'Máy giặt 1',29132000,20,N'hàng siêu đẹp siêu xịn, lỗi vẫn xịn')
INSERT INTO SAN_PHAM VALUES ('uy_ch', N'Đồ Gia Dụng',N'Bếp ga 5',28546000,20,N'hàng siêu đẹp siêu xịn, lỗi vẫn xịn')
INSERT INTO SAN_PHAM VALUES ('uy_ch', N'Đồ Gia Dụng',N'Quạt máy 2',24473000,20,N'hàng siêu đẹp siêu xịn, lỗi vẫn xịn')
INSERT INTO SAN_PHAM VALUES ('uy_ch', N'Đồ Gia Dụng',N'Nệm điều hòa 9',14954000,20,N'hàng siêu đẹp siêu xịn, lỗi vẫn xịn')
INSERT INTO SAN_PHAM VALUES ('uy_ch', N'Đồ Gia Dụng',N'Máy lạnh 4',6511000,20,N'hàng siêu đẹp siêu xịn, lỗi vẫn xịn')
INSERT INTO SAN_PHAM VALUES ('uy_ch', N'Đồ Gia Dụng',N'Bộ dụng cụ sửa đồ 3',19917000,20,N'hàng siêu đẹp siêu xịn, lỗi vẫn xịn')
INSERT INTO SAN_PHAM VALUES ('uy_ch', N'Đồ Gia Dụng',N'Tủ quần áo 10',7006000,20,N'hàng siêu đẹp siêu xịn, lỗi vẫn xịn')
INSERT INTO SAN_PHAM VALUES ('uy_ch', N'Đồ Gia Dụng',N'Gối 8',9010000,20,N'hàng siêu đẹp siêu xịn, lỗi vẫn xịn')
INSERT INTO SAN_PHAM VALUES ('uy_ch', N'Đồ Gia Dụng',N'Bộ dụng cụ sửa đồ 1',5431000,20,N'hàng siêu đẹp siêu xịn, lỗi vẫn xịn')
INSERT INTO SAN_PHAM VALUES ('uy_ch', N'Đồ Gia Dụng',N'Quạt máy 3',2471000,20,N'hàng siêu đẹp siêu xịn, lỗi vẫn xịn')
INSERT INTO SAN_PHAM VALUES ('uy_ch', N'Đồ Gia Dụng',N'Quạt máy 9',33665000,20,N'hàng siêu đẹp siêu xịn, lỗi vẫn xịn')
INSERT INTO SAN_PHAM VALUES ('uy_ch', N'Đồ Gia Dụng',N'Bếp thang 3',21737000,20,N'hàng siêu đẹp siêu xịn, lỗi vẫn xịn')
INSERT INTO SAN_PHAM VALUES ('uy_ch', N'Đồ Gia Dụng',N'Bếp từ 8',14586000,20,N'hàng siêu đẹp siêu xịn, lỗi vẫn xịn')
INSERT INTO SAN_PHAM VALUES ('uy_ch', N'Đồ Gia Dụng',N'Mền 5',6457000,20,N'hàng siêu đẹp siêu xịn, lỗi vẫn xịn')
INSERT INTO SAN_PHAM VALUES ('uy_ch', N'Đồ Gia Dụng',N'Mền 6',11516000,20,N'hàng siêu đẹp siêu xịn, lỗi vẫn xịn')
INSERT INTO SAN_PHAM VALUES ('uy_ch', N'Đồ Gia Dụng',N'Gối 6',11946000,20,N'hàng siêu đẹp siêu xịn, lỗi vẫn xịn')
INSERT INTO SAN_PHAM VALUES ('uy_ch', N'Đồ Gia Dụng',N'Tủ quần áo 9',32113000,20,N'hàng siêu đẹp siêu xịn, lỗi vẫn xịn')
INSERT INTO SAN_PHAM VALUES ('uy_ch', N'Đồ Gia Dụng',N'Mền 10',29131000,20,N'hàng siêu đẹp siêu xịn, lỗi vẫn xịn')
INSERT INTO SAN_PHAM VALUES ('uy_ch', N'Đồ Gia Dụng',N'Bộ dụng cụ sửa đồ 4',21263000,20,N'hàng siêu đẹp siêu xịn, lỗi vẫn xịn')
INSERT INTO SAN_PHAM VALUES ('uy_ch', N'Đồ Gia Dụng',N'Bình gas 6',28913000,20,N'hàng siêu đẹp siêu xịn, lỗi vẫn xịn')
INSERT INTO SAN_PHAM VALUES ('tram_ch', N'Quần Áo',N'Oversize shirt Hồng',19731000,20,N'hàng siêu đẹp siêu xịn, lỗi thì kệ')
INSERT INTO SAN_PHAM VALUES ('tram_ch', N'Quần Áo',N'Unisex shirt Trắng kem',15511000,20,N'hàng siêu đẹp siêu xịn, lỗi thì kệ')
INSERT INTO SAN_PHAM VALUES ('tram_ch', N'Quần Áo',N'Hoodie Cam',21950000,20,N'hàng siêu đẹp siêu xịn, lỗi thì kệ')
INSERT INTO SAN_PHAM VALUES ('tram_ch', N'Quần Áo',N'Chubaka shirt Xanh lá',13961000,20,N'hàng siêu đẹp siêu xịn, lỗi thì kệ')
INSERT INTO SAN_PHAM VALUES ('tram_ch', N'Quần Áo',N'Unisex shirt Màu nắng',21299000,20,N'hàng siêu đẹp siêu xịn, lỗi thì kệ')
INSERT INTO SAN_PHAM VALUES ('tram_ch', N'Quần Áo',N'Áo sơmi Vàng',20179000,20,N'hàng siêu đẹp siêu xịn, lỗi thì kệ')
INSERT INTO SAN_PHAM VALUES ('tram_ch', N'Quần Áo',N'Váy ngắn Xanh lá',8336000,20,N'hàng siêu đẹp siêu xịn, lỗi thì kệ')
INSERT INTO SAN_PHAM VALUES ('tram_ch', N'Quần Áo',N'Hoodie Xanh nhạt',28338000,20,N'hàng siêu đẹp siêu xịn, lỗi thì kệ')
INSERT INTO SAN_PHAM VALUES ('tram_ch', N'Quần Áo',N'Hoodie Hồng đất',10584000,20,N'hàng siêu đẹp siêu xịn, lỗi thì kệ')
INSERT INTO SAN_PHAM VALUES ('tram_ch', N'Quần Áo',N'Jean Xanh nhạt',12536000,20,N'hàng siêu đẹp siêu xịn, lỗi thì kệ')
INSERT INTO SAN_PHAM VALUES ('tram_ch', N'Quần Áo',N'Unisex shirt Đỏ',30085000,20,N'hàng siêu đẹp siêu xịn, lỗi thì kệ')
INSERT INTO SAN_PHAM VALUES ('tram_ch', N'Quần Áo',N'Chubaka shirt Xanh lá',17559000,20,N'hàng siêu đẹp siêu xịn, lỗi thì kệ')
INSERT INTO SAN_PHAM VALUES ('tram_ch', N'Quần Áo',N'Jacket Cam',32476000,20,N'hàng siêu đẹp siêu xịn, lỗi thì kệ')
INSERT INTO SAN_PHAM VALUES ('tram_ch', N'Quần Áo',N'Vest Hồng đất',16727000,20,N'hàng siêu đẹp siêu xịn, lỗi thì kệ')
INSERT INTO SAN_PHAM VALUES ('tram_ch', N'Quần Áo',N'Váy liền thân Vàng',22615000,20,N'hàng siêu đẹp siêu xịn, lỗi thì kệ')
INSERT INTO SAN_PHAM VALUES ('tram_ch', N'Quần Áo',N'Hoodie Cam',8174000,20,N'hàng siêu đẹp siêu xịn, lỗi thì kệ')
INSERT INTO SAN_PHAM VALUES ('tram_ch', N'Quần Áo',N'Chubaka shirt Đỏ',5831000,20,N'hàng siêu đẹp siêu xịn, lỗi thì kệ')
INSERT INTO SAN_PHAM VALUES ('tram_ch', N'Quần Áo',N'Váy ngắn Xanh lá',15838000,20,N'hàng siêu đẹp siêu xịn, lỗi thì kệ')
INSERT INTO SAN_PHAM VALUES ('tram_ch', N'Quần Áo',N'Vest Vàng',5621000,20,N'hàng siêu đẹp siêu xịn, lỗi thì kệ')
INSERT INTO SAN_PHAM VALUES ('tram_ch', N'Quần Áo',N'Đồ ngủ Cam',10992000,20,N'hàng siêu đẹp siêu xịn, lỗi thì kệ')
INSERT INTO SAN_PHAM VALUES ('tram_ch', N'Quần Áo',N'Váy liền thân Hồng',14317000,20,N'hàng siêu đẹp siêu xịn, lỗi thì kệ')
INSERT INTO SAN_PHAM VALUES ('tram_ch', N'Quần Áo',N'Áo vải Trắng kem',16679000,20,N'hàng siêu đẹp siêu xịn, lỗi thì kệ')
INSERT INTO SAN_PHAM VALUES ('tram_ch', N'Quần Áo',N'Đồ ngủ Cam',9277000,20,N'hàng siêu đẹp siêu xịn, lỗi thì kệ')
INSERT INTO SAN_PHAM VALUES ('tram_ch', N'Quần Áo',N'Đồ ngủ Cam',2427000,20,N'hàng siêu đẹp siêu xịn, lỗi thì kệ')
INSERT INTO SAN_PHAM VALUES ('tram_ch', N'Quần Áo',N'Jogger Đỏ',27462000,20,N'hàng siêu đẹp siêu xịn, lỗi thì kệ')
INSERT INTO SAN_PHAM VALUES ('tram_ch', N'Quần Áo',N'Jogger Cam',32449000,20,N'hàng siêu đẹp siêu xịn, lỗi thì kệ')
INSERT INTO SAN_PHAM VALUES ('tram_ch', N'Quần Áo',N'Váy liền thân Cam',22008000,20,N'hàng siêu đẹp siêu xịn, lỗi thì kệ')
INSERT INTO SAN_PHAM VALUES ('tram_ch', N'Quần Áo',N'Oversize shirt Vàng',11653000,20,N'hàng siêu đẹp siêu xịn, lỗi thì kệ')
INSERT INTO SAN_PHAM VALUES ('tram_ch', N'Quần Áo',N'T-Shirt Xanh nhạt',9356000,20,N'hàng siêu đẹp siêu xịn, lỗi thì kệ')
INSERT INTO SAN_PHAM VALUES ('tram_ch', N'Quần Áo',N'Jean Trắng kem',19138000,20,N'hàng siêu đẹp siêu xịn, lỗi thì kệ')
INSERT INTO SAN_PHAM VALUES ('tram_ch', N'Quần Áo',N'Hoodie Đen tuyền',7962000,20,N'hàng siêu đẹp siêu xịn, lỗi thì kệ')
INSERT INTO SAN_PHAM VALUES ('tram_ch', N'Quần Áo',N'Unisex shirt Xanh lá',29891000,20,N'hàng siêu đẹp siêu xịn, lỗi thì kệ')
INSERT INTO SAN_PHAM VALUES ('tram_ch', N'Quần Áo',N'Quần tây Xanh nhạt',12571000,20,N'hàng siêu đẹp siêu xịn, lỗi thì kệ')
INSERT INTO SAN_PHAM VALUES ('tram_ch', N'Quần Áo',N'Jean Trắng kem',14477000,20,N'hàng siêu đẹp siêu xịn, lỗi thì kệ')
INSERT INTO SAN_PHAM VALUES ('tram_ch', N'Quần Áo',N'Jogger Tím',25914000,20,N'hàng siêu đẹp siêu xịn, lỗi thì kệ')
INSERT INTO SAN_PHAM VALUES ('tram_ch', N'Quần Áo',N'Đồ ngủ Đỏ',31642000,20,N'hàng siêu đẹp siêu xịn, lỗi thì kệ')
INSERT INTO SAN_PHAM VALUES ('tram_ch', N'Quần Áo',N'Áo vải Xanh lá',2308000,20,N'hàng siêu đẹp siêu xịn, lỗi thì kệ')
INSERT INTO SAN_PHAM VALUES ('tram_ch', N'Quần Áo',N'Váy xếp ly Vàng nhạt',23775000,20,N'hàng siêu đẹp siêu xịn, lỗi thì kệ')
INSERT INTO SAN_PHAM VALUES ('tram_ch', N'Quần Áo',N'Chubaka shirt Đen tuyền',6222000,20,N'hàng siêu đẹp siêu xịn, lỗi thì kệ')
INSERT INTO SAN_PHAM VALUES ('tram_ch', N'Quần Áo',N'Jogger Blue',20805000,20,N'hàng siêu đẹp siêu xịn, lỗi thì kệ')
INSERT INTO SAN_PHAM VALUES ('tram_ch', N'Quần Áo',N'Váy liền thân Đen tuyền',24178000,20,N'hàng siêu đẹp siêu xịn, lỗi thì kệ')
INSERT INTO SAN_PHAM VALUES ('tram_ch', N'Quần Áo',N'Quần tây Tím',32543000,20,N'hàng siêu đẹp siêu xịn, lỗi thì kệ')
INSERT INTO SAN_PHAM VALUES ('tram_ch', N'Quần Áo',N'Unisex shirt Màu nắng',4012000,20,N'hàng siêu đẹp siêu xịn, lỗi thì kệ')
INSERT INTO SAN_PHAM VALUES ('tram_ch', N'Quần Áo',N'Váy xếp ly Trắng kem',31048000,20,N'hàng siêu đẹp siêu xịn, lỗi thì kệ')
INSERT INTO SAN_PHAM VALUES ('tram_ch', N'Quần Áo',N'Váy xếp ly Tím',1857000,20,N'hàng siêu đẹp siêu xịn, lỗi thì kệ')
INSERT INTO SAN_PHAM VALUES ('tram_ch', N'Quần Áo',N'Jacket Trắng kem',17894000,20,N'hàng siêu đẹp siêu xịn, lỗi thì kệ')
INSERT INTO SAN_PHAM VALUES ('tram_ch', N'Quần Áo',N'Váy ngắn Tím',26429000,20,N'hàng siêu đẹp siêu xịn, lỗi thì kệ')
INSERT INTO SAN_PHAM VALUES ('tram_ch', N'Quần Áo',N'Unisex shirt Tím',26132000,20,N'hàng siêu đẹp siêu xịn, lỗi thì kệ')
INSERT INTO SAN_PHAM VALUES ('tram_ch', N'Quần Áo',N'Jean Xanh nhạt',7388000,20,N'hàng siêu đẹp siêu xịn, lỗi thì kệ')
INSERT INTO SAN_PHAM VALUES ('tram_ch', N'Quần Áo',N'Chubaka shirt Tím',10957000,20,N'hàng siêu đẹp siêu xịn, lỗi thì kệ')
INSERT INTO SAN_PHAM VALUES ('tram_ch', N'Quần Áo',N'Hoodie Xanh lá',22787000,20,N'hàng siêu đẹp siêu xịn, lỗi thì kệ')
INSERT INTO SAN_PHAM VALUES ('tram_ch', N'Quần Áo',N'T-Shirt Xanh nhạt',22778000,20,N'hàng siêu đẹp siêu xịn, lỗi thì kệ')
INSERT INTO SAN_PHAM VALUES ('tram_ch', N'Quần Áo',N'Jean Hồng đất',28247000,20,N'hàng siêu đẹp siêu xịn, lỗi thì kệ')
INSERT INTO SAN_PHAM VALUES ('tram_ch', N'Quần Áo',N'Váy xếp ly Đỏ',16758000,20,N'hàng siêu đẹp siêu xịn, lỗi thì kệ')
INSERT INTO SAN_PHAM VALUES ('tram_ch', N'Quần Áo',N'Đồ ngủ Trắng kem',20173000,20,N'hàng siêu đẹp siêu xịn, lỗi thì kệ')
INSERT INTO SAN_PHAM VALUES ('tram_ch', N'Quần Áo',N'Áo sơmi Màu nắng',21333000,20,N'hàng siêu đẹp siêu xịn, lỗi thì kệ')
INSERT INTO SAN_PHAM VALUES ('tram_ch', N'Quần Áo',N'Đồ ngủ Hồng đất',8396000,20,N'hàng siêu đẹp siêu xịn, lỗi thì kệ')
INSERT INTO SAN_PHAM VALUES ('tram_ch', N'Quần Áo',N'Váy xếp ly Blue',7645000,20,N'hàng siêu đẹp siêu xịn, lỗi thì kệ')
INSERT INTO SAN_PHAM VALUES ('tram_ch', N'Quần Áo',N'Đồ ngủ Cam',10296000,20,N'hàng siêu đẹp siêu xịn, lỗi thì kệ')
INSERT INTO SAN_PHAM VALUES ('tram_ch', N'Quần Áo',N'Quần tây Màu nắng',1266000,20,N'hàng siêu đẹp siêu xịn, lỗi thì kệ')
INSERT INTO SAN_PHAM VALUES ('tram_ch', N'Quần Áo',N'Oversize shirt Xanh lá',6650000,20,N'hàng siêu đẹp siêu xịn, lỗi thì kệ')
INSERT INTO SAN_PHAM VALUES ('tram_ch', N'Quần Áo',N'Đồ ngủ Blue',26079000,20,N'hàng siêu đẹp siêu xịn, lỗi thì kệ')
INSERT INTO SAN_PHAM VALUES ('tram_ch', N'Quần Áo',N'Vest Xanh lá',28904000,20,N'hàng siêu đẹp siêu xịn, lỗi thì kệ')
INSERT INTO SAN_PHAM VALUES ('tram_ch', N'Quần Áo',N'Váy xếp ly Đen tuyền',25538000,20,N'hàng siêu đẹp siêu xịn, lỗi thì kệ')
INSERT INTO SAN_PHAM VALUES ('tram_ch', N'Quần Áo',N'Oversize shirt Trắng kem',4378000,20,N'hàng siêu đẹp siêu xịn, lỗi thì kệ')
INSERT INTO SAN_PHAM VALUES ('tram_ch', N'Quần Áo',N'Đồ ngủ Màu nắng',23050000,20,N'hàng siêu đẹp siêu xịn, lỗi thì kệ')
INSERT INTO SAN_PHAM VALUES ('tram_ch', N'Quần Áo',N'Chubaka shirt Đen tuyền',33543000,20,N'hàng siêu đẹp siêu xịn, lỗi thì kệ')
INSERT INTO SAN_PHAM VALUES ('tram_ch', N'Quần Áo',N'T-Shirt Trắng kem',22723000,20,N'hàng siêu đẹp siêu xịn, lỗi thì kệ')
INSERT INTO SAN_PHAM VALUES ('tram_ch', N'Quần Áo',N'Jacket Trắng kem',25092000,20,N'hàng siêu đẹp siêu xịn, lỗi thì kệ')
INSERT INTO SAN_PHAM VALUES ('tram_ch', N'Quần Áo',N'Váy ngắn Màu nắng',24999000,20,N'hàng siêu đẹp siêu xịn, lỗi thì kệ')
INSERT INTO SAN_PHAM VALUES ('tram_ch', N'Quần Áo',N'Áo vải Trắng kem',20990000,20,N'hàng siêu đẹp siêu xịn, lỗi thì kệ')
INSERT INTO SAN_PHAM VALUES ('tram_ch', N'Quần Áo',N'Đồ ngủ Tím',11820000,20,N'hàng siêu đẹp siêu xịn, lỗi thì kệ')
INSERT INTO SAN_PHAM VALUES ('tram_ch', N'Quần Áo',N'Áo vải Hồng đất',32387000,20,N'hàng siêu đẹp siêu xịn, lỗi thì kệ')
INSERT INTO SAN_PHAM VALUES ('tram_ch', N'Quần Áo',N'Unisex shirt Xanh nhạt',26117000,20,N'hàng siêu đẹp siêu xịn, lỗi thì kệ')
INSERT INTO SAN_PHAM VALUES ('tram_ch', N'Quần Áo',N'Vest Đỏ',22898000,20,N'hàng siêu đẹp siêu xịn, lỗi thì kệ')
INSERT INTO SAN_PHAM VALUES ('tram_ch', N'Quần Áo',N'Unisex shirt Màu nắng',10967000,20,N'hàng siêu đẹp siêu xịn, lỗi thì kệ')
INSERT INTO SAN_PHAM VALUES ('tram_ch', N'Quần Áo',N'Jogger Blue',6644000,20,N'hàng siêu đẹp siêu xịn, lỗi thì kệ')
INSERT INTO SAN_PHAM VALUES ('tram_ch', N'Quần Áo',N'Váy xếp ly Vàng',2311000,20,N'hàng siêu đẹp siêu xịn, lỗi thì kệ')
INSERT INTO SAN_PHAM VALUES ('tram_ch', N'Quần Áo',N'Jean Trắng kem',27778000,20,N'hàng siêu đẹp siêu xịn, lỗi thì kệ')
INSERT INTO SAN_PHAM VALUES ('tram_ch', N'Quần Áo',N'Áo vải Đen tuyền',1778000,20,N'hàng siêu đẹp siêu xịn, lỗi thì kệ')
INSERT INTO SAN_PHAM VALUES ('tram_ch', N'Quần Áo',N'Váy ngắn Vàng',27429000,20,N'hàng siêu đẹp siêu xịn, lỗi thì kệ')
INSERT INTO SAN_PHAM VALUES ('tram_ch', N'Quần Áo',N'T-Shirt Đen tuyền',33520000,20,N'hàng siêu đẹp siêu xịn, lỗi thì kệ')
INSERT INTO SAN_PHAM VALUES ('tram_ch', N'Quần Áo',N'Đồ ngủ Trắng kem',24894000,20,N'hàng siêu đẹp siêu xịn, lỗi thì kệ')
INSERT INTO SAN_PHAM VALUES ('tram_ch', N'Quần Áo',N'Jogger Đen tuyền',9705000,20,N'hàng siêu đẹp siêu xịn, lỗi thì kệ')
INSERT INTO SAN_PHAM VALUES ('tram_ch', N'Quần Áo',N'Oversize shirt Đen tuyền',8300000,20,N'hàng siêu đẹp siêu xịn, lỗi thì kệ')
INSERT INTO SAN_PHAM VALUES ('tram_ch', N'Quần Áo',N'Váy xếp ly Xanh nhạt',13165000,20,N'hàng siêu đẹp siêu xịn, lỗi thì kệ')
INSERT INTO SAN_PHAM VALUES ('tram_ch', N'Quần Áo',N'Jean Hồng đất',21610000,20,N'hàng siêu đẹp siêu xịn, lỗi thì kệ')
INSERT INTO SAN_PHAM VALUES ('tram_ch', N'Quần Áo',N'Váy ngắn Đen tuyền',16781000,20,N'hàng siêu đẹp siêu xịn, lỗi thì kệ')
INSERT INTO SAN_PHAM VALUES ('tram_ch', N'Quần Áo',N'Chubaka shirt Trắng kem',25093000,20,N'hàng siêu đẹp siêu xịn, lỗi thì kệ')
INSERT INTO SAN_PHAM VALUES ('tram_ch', N'Quần Áo',N'Jogger Xanh nhạt',12771000,20,N'hàng siêu đẹp siêu xịn, lỗi thì kệ')
INSERT INTO SAN_PHAM VALUES ('tram_ch', N'Quần Áo',N'T-Shirt Hồng',33139000,20,N'hàng siêu đẹp siêu xịn, lỗi thì kệ')
INSERT INTO SAN_PHAM VALUES ('tram_ch', N'Quần Áo',N'Jacket Vàng',29321000,20,N'hàng siêu đẹp siêu xịn, lỗi thì kệ')
INSERT INTO SAN_PHAM VALUES ('tram_ch', N'Quần Áo',N'Jean Cam',32432000,20,N'hàng siêu đẹp siêu xịn, lỗi thì kệ')
INSERT INTO SAN_PHAM VALUES ('tram_ch', N'Quần Áo',N'Jogger Blue',26874000,20,N'hàng siêu đẹp siêu xịn, lỗi thì kệ')
INSERT INTO SAN_PHAM VALUES ('tram_ch', N'Quần Áo',N'Chubaka shirt Đen tuyền',27313000,20,N'hàng siêu đẹp siêu xịn, lỗi thì kệ')
INSERT INTO SAN_PHAM VALUES ('tram_ch', N'Quần Áo',N'Chubaka shirt Hồng đất',16903000,20,N'hàng siêu đẹp siêu xịn, lỗi thì kệ')
INSERT INTO SAN_PHAM VALUES ('tram_ch', N'Quần Áo',N'Jacket Vàng nhạt',7819000,20,N'hàng siêu đẹp siêu xịn, lỗi thì kệ')
INSERT INTO SAN_PHAM VALUES ('tram_ch', N'Quần Áo',N'Unisex shirt Trắng kem',2409000,20,N'hàng siêu đẹp siêu xịn, lỗi thì kệ')
INSERT INTO SAN_PHAM VALUES ('tram_ch', N'Quần Áo',N'Đồ ngủ Hồng',19935000,20,N'hàng siêu đẹp siêu xịn, lỗi thì kệ')
INSERT INTO SAN_PHAM VALUES ('tram_ch', N'Quần Áo',N'Chubaka shirt Xanh lá',12445000,20,N'hàng siêu đẹp siêu xịn, lỗi thì kệ')
INSERT INTO SAN_PHAM VALUES ('tram_ch', N'Quần Áo',N'Oversize shirt Vàng',6188000,20,N'hàng siêu đẹp siêu xịn, lỗi thì kệ')
INSERT INTO SAN_PHAM VALUES ('tram_ch', N'Quần Áo',N'Oversize shirt Blue',24579000,20,N'hàng siêu đẹp siêu xịn, lỗi thì kệ')
INSERT INTO SAN_PHAM VALUES ('tram_ch', N'Quần Áo',N'Oversize shirt Vàng',8407000,20,N'hàng siêu đẹp siêu xịn, lỗi thì kệ')
INSERT INTO SAN_PHAM VALUES ('tram_ch', N'Quần Áo',N'Jacket Đỏ',24189000,20,N'hàng siêu đẹp siêu xịn, lỗi thì kệ')
INSERT INTO SAN_PHAM VALUES ('tram_ch', N'Quần Áo',N'Jacket Hồng',17410000,20,N'hàng siêu đẹp siêu xịn, lỗi thì kệ')
INSERT INTO SAN_PHAM VALUES ('tram_ch', N'Quần Áo',N'Đồ ngủ Đen tuyền',23298000,20,N'hàng siêu đẹp siêu xịn, lỗi thì kệ')
INSERT INTO SAN_PHAM VALUES ('tram_ch', N'Quần Áo',N'Jacket Xanh nhạt',4753000,20,N'hàng siêu đẹp siêu xịn, lỗi thì kệ')
INSERT INTO SAN_PHAM VALUES ('tram_ch', N'Quần Áo',N'Oversize shirt Tím',16604000,20,N'hàng siêu đẹp siêu xịn, lỗi thì kệ')
INSERT INTO SAN_PHAM VALUES ('tram_ch', N'Quần Áo',N'T-Shirt Trắng kem',27117000,20,N'hàng siêu đẹp siêu xịn, lỗi thì kệ')
INSERT INTO SAN_PHAM VALUES ('tram_ch', N'Quần Áo',N'Oversize shirt Xanh nhạt',19090000,20,N'hàng siêu đẹp siêu xịn, lỗi thì kệ')
INSERT INTO SAN_PHAM VALUES ('tram_ch', N'Quần Áo',N'Unisex shirt Xanh nhạt',19550000,20,N'hàng siêu đẹp siêu xịn, lỗi thì kệ')
INSERT INTO SAN_PHAM VALUES ('tram_ch', N'Quần Áo',N'Áo vải Đen tuyền',4259000,20,N'hàng siêu đẹp siêu xịn, lỗi thì kệ')
INSERT INTO SAN_PHAM VALUES ('tram_ch', N'Quần Áo',N'Váy xếp ly Màu nắng',9499000,20,N'hàng siêu đẹp siêu xịn, lỗi thì kệ')
INSERT INTO SAN_PHAM VALUES ('tram_ch', N'Quần Áo',N'Vest Xanh lá',10400000,20,N'hàng siêu đẹp siêu xịn, lỗi thì kệ')
INSERT INTO SAN_PHAM VALUES ('tram_ch', N'Quần Áo',N'Oversize shirt Blue',28512000,20,N'hàng siêu đẹp siêu xịn, lỗi thì kệ')
INSERT INTO SAN_PHAM VALUES ('tram_ch', N'Quần Áo',N'Áo sơmi Vàng nhạt',24148000,20,N'hàng siêu đẹp siêu xịn, lỗi thì kệ')
INSERT INTO SAN_PHAM VALUES ('tram_ch', N'Quần Áo',N'Váy ngắn Tím',23076000,20,N'hàng siêu đẹp siêu xịn, lỗi thì kệ')
INSERT INTO SAN_PHAM VALUES ('tram_ch', N'Quần Áo',N'Hoodie Đen tuyền',29668000,20,N'hàng siêu đẹp siêu xịn, lỗi thì kệ')
INSERT INTO SAN_PHAM VALUES ('tram_ch', N'Quần Áo',N'Quần tây Trắng kem',2636000,20,N'hàng siêu đẹp siêu xịn, lỗi thì kệ')
INSERT INTO SAN_PHAM VALUES ('tram_ch', N'Quần Áo',N'Jogger Màu nắng',30526000,20,N'hàng siêu đẹp siêu xịn, lỗi thì kệ')
INSERT INTO SAN_PHAM VALUES ('tram_ch', N'Quần Áo',N'Jean Hồng đất',7017000,20,N'hàng siêu đẹp siêu xịn, lỗi thì kệ')
INSERT INTO SAN_PHAM VALUES ('tram_ch', N'Quần Áo',N'Jean Xanh nhạt',27180000,20,N'hàng siêu đẹp siêu xịn, lỗi thì kệ')
INSERT INTO SAN_PHAM VALUES ('tram_ch', N'Quần Áo',N'Váy liền thân Hồng',33635000,20,N'hàng siêu đẹp siêu xịn, lỗi thì kệ')
INSERT INTO SAN_PHAM VALUES ('tram_ch', N'Quần Áo',N'Oversize shirt Vàng',2019000,20,N'hàng siêu đẹp siêu xịn, lỗi thì kệ')
INSERT INTO SAN_PHAM VALUES ('tram_ch', N'Quần Áo',N'Hoodie Đỏ',6057000,20,N'hàng siêu đẹp siêu xịn, lỗi thì kệ')
INSERT INTO SAN_PHAM VALUES ('tram_ch', N'Quần Áo',N'Quần tây Đỏ',11755000,20,N'hàng siêu đẹp siêu xịn, lỗi thì kệ')
INSERT INTO SAN_PHAM VALUES ('tram_ch', N'Quần Áo',N'T-Shirt Hồng đất',12974000,20,N'hàng siêu đẹp siêu xịn, lỗi thì kệ')
INSERT INTO SAN_PHAM VALUES ('tram_ch', N'Quần Áo',N'Oversize shirt Đen tuyền',10153000,20,N'hàng siêu đẹp siêu xịn, lỗi thì kệ')
INSERT INTO SAN_PHAM VALUES ('tram_ch', N'Quần Áo',N'Oversize shirt Vàng nhạt',28388000,20,N'hàng siêu đẹp siêu xịn, lỗi thì kệ')
INSERT INTO SAN_PHAM VALUES ('tram_ch', N'Quần Áo',N'Áo sơmi Blue',8961000,20,N'hàng siêu đẹp siêu xịn, lỗi thì kệ')
INSERT INTO SAN_PHAM VALUES ('tram_ch', N'Quần Áo',N'Váy xếp ly Blue',10360000,20,N'hàng siêu đẹp siêu xịn, lỗi thì kệ')
INSERT INTO SAN_PHAM VALUES ('tram_ch', N'Quần Áo',N'Unisex shirt Hồng đất',14783000,20,N'hàng siêu đẹp siêu xịn, lỗi thì kệ')
INSERT INTO SAN_PHAM VALUES ('tram_ch', N'Quần Áo',N'Jean Vàng nhạt',2420000,20,N'hàng siêu đẹp siêu xịn, lỗi thì kệ')
INSERT INTO SAN_PHAM VALUES ('tram_ch', N'Quần Áo',N'Váy ngắn Vàng',3787000,20,N'hàng siêu đẹp siêu xịn, lỗi thì kệ')
INSERT INTO SAN_PHAM VALUES ('tram_ch', N'Quần Áo',N'Jogger Xanh nhạt',23569000,20,N'hàng siêu đẹp siêu xịn, lỗi thì kệ')
INSERT INTO SAN_PHAM VALUES ('tram_ch', N'Quần Áo',N'Váy xếp ly Trắng kem',20306000,20,N'hàng siêu đẹp siêu xịn, lỗi thì kệ')
INSERT INTO SAN_PHAM VALUES ('tram_ch', N'Quần Áo',N'Áo vải Trắng kem',19816000,20,N'hàng siêu đẹp siêu xịn, lỗi thì kệ')
INSERT INTO SAN_PHAM VALUES ('tram_ch', N'Quần Áo',N'Unisex shirt Đen tuyền',18285000,20,N'hàng siêu đẹp siêu xịn, lỗi thì kệ')
INSERT INTO SAN_PHAM VALUES ('tram_ch', N'Quần Áo',N'Váy liền thân Cam',16064000,20,N'hàng siêu đẹp siêu xịn, lỗi thì kệ')
INSERT INTO SAN_PHAM VALUES ('tram_ch', N'Quần Áo',N'Hoodie Vàng',30448000,20,N'hàng siêu đẹp siêu xịn, lỗi thì kệ')
INSERT INTO SAN_PHAM VALUES ('tram_ch', N'Quần Áo',N'Quần tây Tím',20003000,20,N'hàng siêu đẹp siêu xịn, lỗi thì kệ')
INSERT INTO SAN_PHAM VALUES ('tram_ch', N'Quần Áo',N'Áo sơmi Hồng',32351000,20,N'hàng siêu đẹp siêu xịn, lỗi thì kệ')
INSERT INTO SAN_PHAM VALUES ('tram_ch', N'Quần Áo',N'Váy ngắn Vàng nhạt',28425000,20,N'hàng siêu đẹp siêu xịn, lỗi thì kệ')
INSERT INTO SAN_PHAM VALUES ('tram_ch', N'Quần Áo',N'Váy xếp ly Hồng đất',9532000,20,N'hàng siêu đẹp siêu xịn, lỗi thì kệ')
INSERT INTO SAN_PHAM VALUES ('tram_ch', N'Quần Áo',N'Hoodie Cam',21045000,20,N'hàng siêu đẹp siêu xịn, lỗi thì kệ')
INSERT INTO SAN_PHAM VALUES ('tram_ch', N'Quần Áo',N'Áo sơmi Xanh nhạt',29237000,20,N'hàng siêu đẹp siêu xịn, lỗi thì kệ')
INSERT INTO SAN_PHAM VALUES ('tram_ch', N'Quần Áo',N'Áo vải Đỏ',2080000,20,N'hàng siêu đẹp siêu xịn, lỗi thì kệ')
INSERT INTO SAN_PHAM VALUES ('tram_ch', N'Quần Áo',N'Váy xếp ly Trắng kem',8915000,20,N'hàng siêu đẹp siêu xịn, lỗi thì kệ')
INSERT INTO SAN_PHAM VALUES ('tram_ch', N'Quần Áo',N'Vest Tím',19321000,20,N'hàng siêu đẹp siêu xịn, lỗi thì kệ')
INSERT INTO SAN_PHAM VALUES ('tram_ch', N'Quần Áo',N'Chubaka shirt Blue',5043000,20,N'hàng siêu đẹp siêu xịn, lỗi thì kệ')
INSERT INTO SAN_PHAM VALUES ('tram_ch', N'Quần Áo',N'Áo sơmi Cam',18860000,20,N'hàng siêu đẹp siêu xịn, lỗi thì kệ')
INSERT INTO SAN_PHAM VALUES ('tram_ch', N'Quần Áo',N'Đồ ngủ Màu nắng',11133000,20,N'hàng siêu đẹp siêu xịn, lỗi thì kệ')
INSERT INTO SAN_PHAM VALUES ('tram_ch', N'Quần Áo',N'Jogger Xanh lá',7535000,20,N'hàng siêu đẹp siêu xịn, lỗi thì kệ')
INSERT INTO SAN_PHAM VALUES ('tram_ch', N'Quần Áo',N'Váy liền thân Xanh nhạt',27152000,20,N'hàng siêu đẹp siêu xịn, lỗi thì kệ')
INSERT INTO SAN_PHAM VALUES ('tram_ch', N'Quần Áo',N'Chubaka shirt Màu nắng',5055000,20,N'hàng siêu đẹp siêu xịn, lỗi thì kệ')
INSERT INTO SAN_PHAM VALUES ('tram_ch', N'Quần Áo',N'Áo vải Vàng nhạt',10903000,20,N'hàng siêu đẹp siêu xịn, lỗi thì kệ')
INSERT INTO SAN_PHAM VALUES ('tram_ch', N'Quần Áo',N'Quần tây Tím',19931000,20,N'hàng siêu đẹp siêu xịn, lỗi thì kệ')
INSERT INTO SAN_PHAM VALUES ('tram_ch', N'Quần Áo',N'Jogger Trắng kem',17033000,20,N'hàng siêu đẹp siêu xịn, lỗi thì kệ')
INSERT INTO SAN_PHAM VALUES ('tram_ch', N'Quần Áo',N'Oversize shirt Màu nắng',29461000,20,N'hàng siêu đẹp siêu xịn, lỗi thì kệ')
INSERT INTO SAN_PHAM VALUES ('tram_ch', N'Quần Áo',N'T-Shirt Xanh lá',16576000,20,N'hàng siêu đẹp siêu xịn, lỗi thì kệ')
INSERT INTO SAN_PHAM VALUES ('tram_ch', N'Quần Áo',N'Áo sơmi Xanh lá',31645000,20,N'hàng siêu đẹp siêu xịn, lỗi thì kệ')
INSERT INTO SAN_PHAM VALUES ('tram_ch', N'Quần Áo',N'Váy liền thân Hồng đất',30505000,20,N'hàng siêu đẹp siêu xịn, lỗi thì kệ')
INSERT INTO SAN_PHAM VALUES ('tram_ch', N'Quần Áo',N'Jogger Đen tuyền',14732000,20,N'hàng siêu đẹp siêu xịn, lỗi thì kệ')
INSERT INTO SAN_PHAM VALUES ('tram_ch', N'Quần Áo',N'Unisex shirt Vàng nhạt',32450000,20,N'hàng siêu đẹp siêu xịn, lỗi thì kệ')
INSERT INTO SAN_PHAM VALUES ('tram_ch', N'Quần Áo',N'Vest Xanh nhạt',14291000,20,N'hàng siêu đẹp siêu xịn, lỗi thì kệ')
INSERT INTO SAN_PHAM VALUES ('tram_ch', N'Quần Áo',N'Quần tây Đen tuyền',22743000,20,N'hàng siêu đẹp siêu xịn, lỗi thì kệ')
INSERT INTO SAN_PHAM VALUES ('tram_ch', N'Quần Áo',N'Unisex shirt Xanh nhạt',24292000,20,N'hàng siêu đẹp siêu xịn, lỗi thì kệ')
INSERT INTO SAN_PHAM VALUES ('tram_ch', N'Quần Áo',N'Vest Hồng',33218000,20,N'hàng siêu đẹp siêu xịn, lỗi thì kệ')
INSERT INTO SAN_PHAM VALUES ('tram_ch', N'Quần Áo',N'Váy liền thân Màu nắng',7468000,20,N'hàng siêu đẹp siêu xịn, lỗi thì kệ')
INSERT INTO SAN_PHAM VALUES ('tram_ch', N'Quần Áo',N'Đồ ngủ Xanh lá',2208000,20,N'hàng siêu đẹp siêu xịn, lỗi thì kệ')
INSERT INTO SAN_PHAM VALUES ('tram_ch', N'Quần Áo',N'Jogger Đen tuyền',9655000,20,N'hàng siêu đẹp siêu xịn, lỗi thì kệ')
INSERT INTO SAN_PHAM VALUES ('tram_ch', N'Quần Áo',N'Vest Xanh lá',23723000,20,N'hàng siêu đẹp siêu xịn, lỗi thì kệ')
INSERT INTO SAN_PHAM VALUES ('tram_ch', N'Quần Áo',N'Áo vải Blue',16783000,20,N'hàng siêu đẹp siêu xịn, lỗi thì kệ')
INSERT INTO SAN_PHAM VALUES ('tram_ch', N'Quần Áo',N'Váy ngắn Đỏ',19525000,20,N'hàng siêu đẹp siêu xịn, lỗi thì kệ')
INSERT INTO SAN_PHAM VALUES ('tram_ch', N'Quần Áo',N'Jean Xanh lá',16570000,20,N'hàng siêu đẹp siêu xịn, lỗi thì kệ')
INSERT INTO SAN_PHAM VALUES ('tram_ch', N'Quần Áo',N'Áo vải Tím',31447000,20,N'hàng siêu đẹp siêu xịn, lỗi thì kệ')
INSERT INTO SAN_PHAM VALUES ('tram_ch', N'Quần Áo',N'Oversize shirt Xanh lá',24044000,20,N'hàng siêu đẹp siêu xịn, lỗi thì kệ')
INSERT INTO SAN_PHAM VALUES ('tram_ch', N'Quần Áo',N'Oversize shirt Vàng nhạt',10759000,20,N'hàng siêu đẹp siêu xịn, lỗi thì kệ')
INSERT INTO SAN_PHAM VALUES ('tram_ch', N'Quần Áo',N'Áo vải Vàng',29749000,20,N'hàng siêu đẹp siêu xịn, lỗi thì kệ')
INSERT INTO SAN_PHAM VALUES ('tram_ch', N'Quần Áo',N'Jacket Tím',26623000,20,N'hàng siêu đẹp siêu xịn, lỗi thì kệ')
INSERT INTO SAN_PHAM VALUES ('tram_ch', N'Quần Áo',N'Đồ ngủ Hồng đất',18529000,20,N'hàng siêu đẹp siêu xịn, lỗi thì kệ')
INSERT INTO SAN_PHAM VALUES ('tram_ch', N'Quần Áo',N'Váy xếp ly Blue',22449000,20,N'hàng siêu đẹp siêu xịn, lỗi thì kệ')
INSERT INTO SAN_PHAM VALUES ('tram_ch', N'Quần Áo',N'Hoodie Hồng',28608000,20,N'hàng siêu đẹp siêu xịn, lỗi thì kệ')
INSERT INTO SAN_PHAM VALUES ('tram_ch', N'Quần Áo',N'Unisex shirt Vàng',10596000,20,N'hàng siêu đẹp siêu xịn, lỗi thì kệ')
INSERT INTO SAN_PHAM VALUES ('tram_ch', N'Quần Áo',N'Jean Blue',7312000,20,N'hàng siêu đẹp siêu xịn, lỗi thì kệ')
INSERT INTO SAN_PHAM VALUES ('tram_ch', N'Quần Áo',N'Áo sơmi Xanh nhạt',18663000,20,N'hàng siêu đẹp siêu xịn, lỗi thì kệ')
INSERT INTO SAN_PHAM VALUES ('tram_ch', N'Quần Áo',N'Jean Vàng',23615000,20,N'hàng siêu đẹp siêu xịn, lỗi thì kệ')
INSERT INTO SAN_PHAM VALUES ('tram_ch', N'Quần Áo',N'Jean Hồng',5182000,20,N'hàng siêu đẹp siêu xịn, lỗi thì kệ')
INSERT INTO SAN_PHAM VALUES ('tram_ch', N'Quần Áo',N'Chubaka shirt Tím',11838000,20,N'hàng siêu đẹp siêu xịn, lỗi thì kệ')
INSERT INTO SAN_PHAM VALUES ('tram_ch', N'Quần Áo',N'Đồ ngủ Xanh lá',26797000,20,N'hàng siêu đẹp siêu xịn, lỗi thì kệ')
INSERT INTO SAN_PHAM VALUES ('tram_ch', N'Quần Áo',N'Unisex shirt Blue',23072000,20,N'hàng siêu đẹp siêu xịn, lỗi thì kệ')
INSERT INTO SAN_PHAM VALUES ('tram_ch', N'Quần Áo',N'Chubaka shirt Cam',19812000,20,N'hàng siêu đẹp siêu xịn, lỗi thì kệ')
INSERT INTO SAN_PHAM VALUES ('tram_ch', N'Quần Áo',N'Unisex shirt Màu nắng',8752000,20,N'hàng siêu đẹp siêu xịn, lỗi thì kệ')
INSERT INTO SAN_PHAM VALUES ('tram_ch', N'Quần Áo',N'Váy ngắn Hồng đất',19002000,20,N'hàng siêu đẹp siêu xịn, lỗi thì kệ')
INSERT INTO SAN_PHAM VALUES ('tram_ch', N'Quần Áo',N'Váy ngắn Cam',27602000,20,N'hàng siêu đẹp siêu xịn, lỗi thì kệ')
INSERT INTO SAN_PHAM VALUES ('tram_ch', N'Quần Áo',N'Quần tây Đen tuyền',24124000,20,N'hàng siêu đẹp siêu xịn, lỗi thì kệ')
INSERT INTO SAN_PHAM VALUES ('tram_ch', N'Quần Áo',N'Hoodie Xanh lá',18753000,20,N'hàng siêu đẹp siêu xịn, lỗi thì kệ')
INSERT INTO SAN_PHAM VALUES ('tram_ch', N'Quần Áo',N'Hoodie Cam',23806000,20,N'hàng siêu đẹp siêu xịn, lỗi thì kệ')
INSERT INTO SAN_PHAM VALUES ('tram_ch', N'Quần Áo',N'Váy liền thân Hồng',2184000,20,N'hàng siêu đẹp siêu xịn, lỗi thì kệ')
INSERT INTO SAN_PHAM VALUES ('tram_ch', N'Quần Áo',N'Quần tây Vàng',2790000,20,N'hàng siêu đẹp siêu xịn, lỗi thì kệ')
INSERT INTO SAN_PHAM VALUES ('vi_ch', N'Giày dép',N'Bitits Xanh lá',6599000,20,N'hàng siêu đẹp siêu xịn, lỗi hoàn tiền')
INSERT INTO SAN_PHAM VALUES ('vi_ch', N'Giày dép',N'Bitits Tím',28657000,20,N'hàng siêu đẹp siêu xịn, lỗi hoàn tiền')
INSERT INTO SAN_PHAM VALUES ('vi_ch', N'Giày dép',N'Tige Vàng',21294000,20,N'hàng siêu đẹp siêu xịn, lỗi hoàn tiền')
INSERT INTO SAN_PHAM VALUES ('vi_ch', N'Giày dép',N'Giày thể dục Đen tuyền',21923000,20,N'hàng siêu đẹp siêu xịn, lỗi hoàn tiền')
INSERT INTO SAN_PHAM VALUES ('vi_ch', N'Giày dép',N'Nike Blue',25384000,20,N'hàng siêu đẹp siêu xịn, lỗi hoàn tiền')
INSERT INTO SAN_PHAM VALUES ('vi_ch', N'Giày dép',N'Giày độn Hồng đất',4125000,20,N'hàng siêu đẹp siêu xịn, lỗi hoàn tiền')
INSERT INTO SAN_PHAM VALUES ('vi_ch', N'Giày dép',N'Giày cao gót Đỏ',12715000,20,N'hàng siêu đẹp siêu xịn, lỗi hoàn tiền')
INSERT INTO SAN_PHAM VALUES ('vi_ch', N'Giày dép',N'All star Xanh lá',23435000,20,N'hàng siêu đẹp siêu xịn, lỗi hoàn tiền')
INSERT INTO SAN_PHAM VALUES ('vi_ch', N'Giày dép',N'Vans Cam',6071000,20,N'hàng siêu đẹp siêu xịn, lỗi hoàn tiền')
INSERT INTO SAN_PHAM VALUES ('vi_ch', N'Giày dép',N'Gucci Hồng đất',3693000,20,N'hàng siêu đẹp siêu xịn, lỗi hoàn tiền')
INSERT INTO SAN_PHAM VALUES ('vi_ch', N'Giày dép',N'All star Vàng',16473000,20,N'hàng siêu đẹp siêu xịn, lỗi hoàn tiền')
INSERT INTO SAN_PHAM VALUES ('vi_ch', N'Giày dép',N'Bitits Trắng kem',30318000,20,N'hàng siêu đẹp siêu xịn, lỗi hoàn tiền')
INSERT INTO SAN_PHAM VALUES ('vi_ch', N'Giày dép',N'Bitits Xanh lá',18644000,20,N'hàng siêu đẹp siêu xịn, lỗi hoàn tiền')
INSERT INTO SAN_PHAM VALUES ('vi_ch', N'Giày dép',N'Giày đế bằng Vàng',14520000,20,N'hàng siêu đẹp siêu xịn, lỗi hoàn tiền')
INSERT INTO SAN_PHAM VALUES ('vi_ch', N'Giày dép',N'Giày múa Trắng kem',24002000,20,N'hàng siêu đẹp siêu xịn, lỗi hoàn tiền')
INSERT INTO SAN_PHAM VALUES ('vi_ch', N'Giày dép',N'Giày độn Trắng kem',20490000,20,N'hàng siêu đẹp siêu xịn, lỗi hoàn tiền')
INSERT INTO SAN_PHAM VALUES ('vi_ch', N'Giày dép',N'Hunter Hồng đất',12611000,20,N'hàng siêu đẹp siêu xịn, lỗi hoàn tiền')
INSERT INTO SAN_PHAM VALUES ('vi_ch', N'Giày dép',N'Giày cao gót Màu nắng',4616000,20,N'hàng siêu đẹp siêu xịn, lỗi hoàn tiền')
INSERT INTO SAN_PHAM VALUES ('vi_ch', N'Giày dép',N'Bitits Hồng',19099000,20,N'hàng siêu đẹp siêu xịn, lỗi hoàn tiền')
INSERT INTO SAN_PHAM VALUES ('vi_ch', N'Giày dép',N'Giày đế bằng Xanh lá',21102000,20,N'hàng siêu đẹp siêu xịn, lỗi hoàn tiền')
INSERT INTO SAN_PHAM VALUES ('vi_ch', N'Giày dép',N'Giày độn Hồng',27083000,20,N'hàng siêu đẹp siêu xịn, lỗi hoàn tiền')
INSERT INTO SAN_PHAM VALUES ('vi_ch', N'Giày dép',N'Giày độn Trắng kem',5679000,20,N'hàng siêu đẹp siêu xịn, lỗi hoàn tiền')
INSERT INTO SAN_PHAM VALUES ('vi_ch', N'Giày dép',N'Tige Hồng đất',6661000,20,N'hàng siêu đẹp siêu xịn, lỗi hoàn tiền')
INSERT INTO SAN_PHAM VALUES ('vi_ch', N'Giày dép',N'Vans Trắng kem',8622000,20,N'hàng siêu đẹp siêu xịn, lỗi hoàn tiền')
INSERT INTO SAN_PHAM VALUES ('vi_ch', N'Giày dép',N'Nike Blue',9234000,20,N'hàng siêu đẹp siêu xịn, lỗi hoàn tiền')
INSERT INTO SAN_PHAM VALUES ('vi_ch', N'Giày dép',N'Tige Màu nắng',21644000,20,N'hàng siêu đẹp siêu xịn, lỗi hoàn tiền')
INSERT INTO SAN_PHAM VALUES ('vi_ch', N'Giày dép',N'Giày thể dục Cam',28162000,20,N'hàng siêu đẹp siêu xịn, lỗi hoàn tiền')
INSERT INTO SAN_PHAM VALUES ('vi_ch', N'Giày dép',N'Giày thể dục Blue',2759000,20,N'hàng siêu đẹp siêu xịn, lỗi hoàn tiền')
INSERT INTO SAN_PHAM VALUES ('vi_ch', N'Giày dép',N'Giày thể dục Vàng',1976000,20,N'hàng siêu đẹp siêu xịn, lỗi hoàn tiền')
INSERT INTO SAN_PHAM VALUES ('vi_ch', N'Giày dép',N'Addidas Tím',28185000,20,N'hàng siêu đẹp siêu xịn, lỗi hoàn tiền')
INSERT INTO SAN_PHAM VALUES ('vi_ch', N'Giày dép',N'Levi Tím',15413000,20,N'hàng siêu đẹp siêu xịn, lỗi hoàn tiền')
INSERT INTO SAN_PHAM VALUES ('vi_ch', N'Giày dép',N'Bitits sport Vàng nhạt',5076000,20,N'hàng siêu đẹp siêu xịn, lỗi hoàn tiền')
INSERT INTO SAN_PHAM VALUES ('vi_ch', N'Giày dép',N'Tige Vàng nhạt',3505000,20,N'hàng siêu đẹp siêu xịn, lỗi hoàn tiền')
INSERT INTO SAN_PHAM VALUES ('vi_ch', N'Giày dép',N'Levi Blue',17080000,20,N'hàng siêu đẹp siêu xịn, lỗi hoàn tiền')
INSERT INTO SAN_PHAM VALUES ('vi_ch', N'Giày dép',N'Giày đế bằng Vàng nhạt',5853000,20,N'hàng siêu đẹp siêu xịn, lỗi hoàn tiền')
INSERT INTO SAN_PHAM VALUES ('vi_ch', N'Giày dép',N'Bitits Cam',6514000,20,N'hàng siêu đẹp siêu xịn, lỗi hoàn tiền')
INSERT INTO SAN_PHAM VALUES ('vi_ch', N'Giày dép',N'Hunter Blue',30183000,20,N'hàng siêu đẹp siêu xịn, lỗi hoàn tiền')
INSERT INTO SAN_PHAM VALUES ('vi_ch', N'Giày dép',N'Giày độn Đỏ',22975000,20,N'hàng siêu đẹp siêu xịn, lỗi hoàn tiền')
INSERT INTO SAN_PHAM VALUES ('vi_ch', N'Giày dép',N'Nike Blue',13843000,20,N'hàng siêu đẹp siêu xịn, lỗi hoàn tiền')
INSERT INTO SAN_PHAM VALUES ('vi_ch', N'Giày dép',N'Bitits Màu nắng',9584000,20,N'hàng siêu đẹp siêu xịn, lỗi hoàn tiền')
INSERT INTO SAN_PHAM VALUES ('vi_ch', N'Giày dép',N'All star Vàng',13071000,20,N'hàng siêu đẹp siêu xịn, lỗi hoàn tiền')
INSERT INTO SAN_PHAM VALUES ('vi_ch', N'Giày dép',N'Hunter Đen tuyền',20929000,20,N'hàng siêu đẹp siêu xịn, lỗi hoàn tiền')
INSERT INTO SAN_PHAM VALUES ('vi_ch', N'Giày dép',N'Tige Hồng',15683000,20,N'hàng siêu đẹp siêu xịn, lỗi hoàn tiền')
INSERT INTO SAN_PHAM VALUES ('vi_ch', N'Giày dép',N'Giày cao gót Màu nắng',27323000,20,N'hàng siêu đẹp siêu xịn, lỗi hoàn tiền')
INSERT INTO SAN_PHAM VALUES ('vi_ch', N'Giày dép',N'Bitits sport Đỏ',26827000,20,N'hàng siêu đẹp siêu xịn, lỗi hoàn tiền')
INSERT INTO SAN_PHAM VALUES ('vi_ch', N'Giày dép',N'Nike Vàng',25502000,20,N'hàng siêu đẹp siêu xịn, lỗi hoàn tiền')
INSERT INTO SAN_PHAM VALUES ('vi_ch', N'Giày dép',N'Hunter Hồng',30952000,20,N'hàng siêu đẹp siêu xịn, lỗi hoàn tiền')
INSERT INTO SAN_PHAM VALUES ('vi_ch', N'Giày dép',N'Gucci Blue',4743000,20,N'hàng siêu đẹp siêu xịn, lỗi hoàn tiền')
INSERT INTO SAN_PHAM VALUES ('vi_ch', N'Giày dép',N'Giày độn Trắng kem',22529000,20,N'hàng siêu đẹp siêu xịn, lỗi hoàn tiền')
INSERT INTO SAN_PHAM VALUES ('vi_ch', N'Giày dép',N'Addidas Vàng',17613000,20,N'hàng siêu đẹp siêu xịn, lỗi hoàn tiền')
INSERT INTO SAN_PHAM VALUES ('vi_ch', N'Giày dép',N'Nike Hồng đất',4235000,20,N'hàng siêu đẹp siêu xịn, lỗi hoàn tiền')
INSERT INTO SAN_PHAM VALUES ('vi_ch', N'Giày dép',N'Bitits sport Trắng kem',18113000,20,N'hàng siêu đẹp siêu xịn, lỗi hoàn tiền')
INSERT INTO SAN_PHAM VALUES ('vi_ch', N'Giày dép',N'Hunter Tím',21882000,20,N'hàng siêu đẹp siêu xịn, lỗi hoàn tiền')
INSERT INTO SAN_PHAM VALUES ('vi_ch', N'Giày dép',N'Bitits Màu nắng',29927000,20,N'hàng siêu đẹp siêu xịn, lỗi hoàn tiền')
INSERT INTO SAN_PHAM VALUES ('vi_ch', N'Giày dép',N'Bitits Đỏ',26878000,20,N'hàng siêu đẹp siêu xịn, lỗi hoàn tiền')
INSERT INTO SAN_PHAM VALUES ('vi_ch', N'Giày dép',N'Tige Cam',9653000,20,N'hàng siêu đẹp siêu xịn, lỗi hoàn tiền')
INSERT INTO SAN_PHAM VALUES ('vi_ch', N'Giày dép',N'Levi Đỏ',9917000,20,N'hàng siêu đẹp siêu xịn, lỗi hoàn tiền')
INSERT INTO SAN_PHAM VALUES ('vi_ch', N'Giày dép',N'Giày đế bằng Xanh lá',17015000,20,N'hàng siêu đẹp siêu xịn, lỗi hoàn tiền')
INSERT INTO SAN_PHAM VALUES ('vi_ch', N'Giày dép',N'Bitits Màu nắng',13012000,20,N'hàng siêu đẹp siêu xịn, lỗi hoàn tiền')
INSERT INTO SAN_PHAM VALUES ('vi_ch', N'Giày dép',N'Tige Xanh nhạt',2811000,20,N'hàng siêu đẹp siêu xịn, lỗi hoàn tiền')
INSERT INTO SAN_PHAM VALUES ('vi_ch', N'Giày dép',N'Hunter Xanh nhạt',24877000,20,N'hàng siêu đẹp siêu xịn, lỗi hoàn tiền')
INSERT INTO SAN_PHAM VALUES ('vi_ch', N'Giày dép',N'Giày múa Hồng',4864000,20,N'hàng siêu đẹp siêu xịn, lỗi hoàn tiền')
INSERT INTO SAN_PHAM VALUES ('vi_ch', N'Giày dép',N'Giày cao gót Xanh lá',24867000,20,N'hàng siêu đẹp siêu xịn, lỗi hoàn tiền')
INSERT INTO SAN_PHAM VALUES ('vi_ch', N'Giày dép',N'Giày cao gót Vàng nhạt',22950000,20,N'hàng siêu đẹp siêu xịn, lỗi hoàn tiền')
INSERT INTO SAN_PHAM VALUES ('vi_ch', N'Giày dép',N'Giày thể dục Hồng',10081000,20,N'hàng siêu đẹp siêu xịn, lỗi hoàn tiền')
INSERT INTO SAN_PHAM VALUES ('vi_ch', N'Giày dép',N'Vans Cam',14927000,20,N'hàng siêu đẹp siêu xịn, lỗi hoàn tiền')
INSERT INTO SAN_PHAM VALUES ('vi_ch', N'Giày dép',N'Nike Hồng đất',1149000,20,N'hàng siêu đẹp siêu xịn, lỗi hoàn tiền')
INSERT INTO SAN_PHAM VALUES ('vi_ch', N'Giày dép',N'Bitits Tím',13231000,20,N'hàng siêu đẹp siêu xịn, lỗi hoàn tiền')
INSERT INTO SAN_PHAM VALUES ('vi_ch', N'Giày dép',N'Giày đế bằng Tím',24771000,20,N'hàng siêu đẹp siêu xịn, lỗi hoàn tiền')
INSERT INTO SAN_PHAM VALUES ('vi_ch', N'Giày dép',N'Giày độn Hồng đất',27907000,20,N'hàng siêu đẹp siêu xịn, lỗi hoàn tiền')
INSERT INTO SAN_PHAM VALUES ('vi_ch', N'Giày dép',N'Giày cao gót Vàng nhạt',17963000,20,N'hàng siêu đẹp siêu xịn, lỗi hoàn tiền')
INSERT INTO SAN_PHAM VALUES ('vi_ch', N'Giày dép',N'All star Xanh nhạt',19103000,20,N'hàng siêu đẹp siêu xịn, lỗi hoàn tiền')
INSERT INTO SAN_PHAM VALUES ('vi_ch', N'Giày dép',N'Giày múa Vàng nhạt',18284000,20,N'hàng siêu đẹp siêu xịn, lỗi hoàn tiền')
INSERT INTO SAN_PHAM VALUES ('vi_ch', N'Giày dép',N'Giày đế bằng Trắng kem',6745000,20,N'hàng siêu đẹp siêu xịn, lỗi hoàn tiền')
INSERT INTO SAN_PHAM VALUES ('vi_ch', N'Giày dép',N'Tige Màu nắng',32683000,20,N'hàng siêu đẹp siêu xịn, lỗi hoàn tiền')
INSERT INTO SAN_PHAM VALUES ('vi_ch', N'Giày dép',N'All star Tím',13691000,20,N'hàng siêu đẹp siêu xịn, lỗi hoàn tiền')
INSERT INTO SAN_PHAM VALUES ('vi_ch', N'Giày dép',N'Giày đế bằng Xanh nhạt',26686000,20,N'hàng siêu đẹp siêu xịn, lỗi hoàn tiền')
INSERT INTO SAN_PHAM VALUES ('vi_ch', N'Giày dép',N'Tige Vàng nhạt',14652000,20,N'hàng siêu đẹp siêu xịn, lỗi hoàn tiền')
INSERT INTO SAN_PHAM VALUES ('vi_ch', N'Giày dép',N'All star Xanh lá',10860000,20,N'hàng siêu đẹp siêu xịn, lỗi hoàn tiền')
INSERT INTO SAN_PHAM VALUES ('vi_ch', N'Giày dép',N'Gucci Blue',30708000,20,N'hàng siêu đẹp siêu xịn, lỗi hoàn tiền')
INSERT INTO SAN_PHAM VALUES ('vi_ch', N'Giày dép',N'Giày đế bằng Hồng đất',28993000,20,N'hàng siêu đẹp siêu xịn, lỗi hoàn tiền')
INSERT INTO SAN_PHAM VALUES ('vi_ch', N'Giày dép',N'Levi Vàng',21644000,20,N'hàng siêu đẹp siêu xịn, lỗi hoàn tiền')
INSERT INTO SAN_PHAM VALUES ('vi_ch', N'Giày dép',N'Bitits Tím',9160000,20,N'hàng siêu đẹp siêu xịn, lỗi hoàn tiền')
INSERT INTO SAN_PHAM VALUES ('vi_ch', N'Giày dép',N'Giày múa Đỏ',9935000,20,N'hàng siêu đẹp siêu xịn, lỗi hoàn tiền')
INSERT INTO SAN_PHAM VALUES ('vi_ch', N'Giày dép',N'Giày múa Đen tuyền',27202000,20,N'hàng siêu đẹp siêu xịn, lỗi hoàn tiền')
INSERT INTO SAN_PHAM VALUES ('vi_ch', N'Giày dép',N'Bitits sport Blue',25261000,20,N'hàng siêu đẹp siêu xịn, lỗi hoàn tiền')
INSERT INTO SAN_PHAM VALUES ('vi_ch', N'Giày dép',N'Gucci Hồng đất',33089000,20,N'hàng siêu đẹp siêu xịn, lỗi hoàn tiền')
INSERT INTO SAN_PHAM VALUES ('vi_ch', N'Giày dép',N'All star Đỏ',21905000,20,N'hàng siêu đẹp siêu xịn, lỗi hoàn tiền')
INSERT INTO SAN_PHAM VALUES ('vi_ch', N'Giày dép',N'All star Blue',13225000,20,N'hàng siêu đẹp siêu xịn, lỗi hoàn tiền')
INSERT INTO SAN_PHAM VALUES ('vi_ch', N'Giày dép',N'Giày đế bằng Xanh nhạt',13394000,20,N'hàng siêu đẹp siêu xịn, lỗi hoàn tiền')
INSERT INTO SAN_PHAM VALUES ('vi_ch', N'Giày dép',N'Hunter Xanh nhạt',28928000,20,N'hàng siêu đẹp siêu xịn, lỗi hoàn tiền')
INSERT INTO SAN_PHAM VALUES ('vi_ch', N'Giày dép',N'Bitits sport Hồng đất',14703000,20,N'hàng siêu đẹp siêu xịn, lỗi hoàn tiền')
INSERT INTO SAN_PHAM VALUES ('vi_ch', N'Giày dép',N'Bitits Blue',26523000,20,N'hàng siêu đẹp siêu xịn, lỗi hoàn tiền')
INSERT INTO SAN_PHAM VALUES ('vi_ch', N'Giày dép',N'Nike Trắng kem',1675000,20,N'hàng siêu đẹp siêu xịn, lỗi hoàn tiền')
INSERT INTO SAN_PHAM VALUES ('vi_ch', N'Giày dép',N'Giày múa Vàng nhạt',25226000,20,N'hàng siêu đẹp siêu xịn, lỗi hoàn tiền')
INSERT INTO SAN_PHAM VALUES ('vi_ch', N'Giày dép',N'Bitits Blue',11636000,20,N'hàng siêu đẹp siêu xịn, lỗi hoàn tiền')
INSERT INTO SAN_PHAM VALUES ('vi_ch', N'Giày dép',N'Gucci Hồng',31056000,20,N'hàng siêu đẹp siêu xịn, lỗi hoàn tiền')
INSERT INTO SAN_PHAM VALUES ('vi_ch', N'Giày dép',N'Giày đế bằng Vàng nhạt',1037000,20,N'hàng siêu đẹp siêu xịn, lỗi hoàn tiền')
INSERT INTO SAN_PHAM VALUES ('vi_ch', N'Giày dép',N'Vans Xanh nhạt',29636000,20,N'hàng siêu đẹp siêu xịn, lỗi hoàn tiền')
INSERT INTO SAN_PHAM VALUES ('vi_ch', N'Giày dép',N'Hunter Xanh nhạt',1011000,20,N'hàng siêu đẹp siêu xịn, lỗi hoàn tiền')
INSERT INTO SAN_PHAM VALUES ('vi_ch', N'Giày dép',N'Vans Vàng nhạt',11957000,20,N'hàng siêu đẹp siêu xịn, lỗi hoàn tiền')
INSERT INTO SAN_PHAM VALUES ('vi_ch', N'Giày dép',N'Bitits Trắng kem',16832000,20,N'hàng siêu đẹp siêu xịn, lỗi hoàn tiền')
INSERT INTO SAN_PHAM VALUES ('vi_ch', N'Giày dép',N'Gucci Xanh nhạt',24105000,20,N'hàng siêu đẹp siêu xịn, lỗi hoàn tiền')
INSERT INTO SAN_PHAM VALUES ('vi_ch', N'Giày dép',N'Bitits Blue',20783000,20,N'hàng siêu đẹp siêu xịn, lỗi hoàn tiền')
INSERT INTO SAN_PHAM VALUES ('vi_ch', N'Giày dép',N'Giày cao gót Blue',20549000,20,N'hàng siêu đẹp siêu xịn, lỗi hoàn tiền')
INSERT INTO SAN_PHAM VALUES ('vi_ch', N'Giày dép',N'Nike Màu nắng',33422000,20,N'hàng siêu đẹp siêu xịn, lỗi hoàn tiền')
INSERT INTO SAN_PHAM VALUES ('vi_ch', N'Giày dép',N'Levi Vàng nhạt',24649000,20,N'hàng siêu đẹp siêu xịn, lỗi hoàn tiền')
INSERT INTO SAN_PHAM VALUES ('vi_ch', N'Giày dép',N'Levi Hồng đất',6984000,20,N'hàng siêu đẹp siêu xịn, lỗi hoàn tiền')
INSERT INTO SAN_PHAM VALUES ('vi_ch', N'Giày dép',N'Levi Hồng đất',11044000,20,N'hàng siêu đẹp siêu xịn, lỗi hoàn tiền')
INSERT INTO SAN_PHAM VALUES ('vi_ch', N'Giày dép',N'Bitits sport Trắng kem',20073000,20,N'hàng siêu đẹp siêu xịn, lỗi hoàn tiền')
INSERT INTO SAN_PHAM VALUES ('vi_ch', N'Giày dép',N'Vans Trắng kem',24452000,20,N'hàng siêu đẹp siêu xịn, lỗi hoàn tiền')
INSERT INTO SAN_PHAM VALUES ('vi_ch', N'Giày dép',N'Giày cao gót Hồng',7016000,20,N'hàng siêu đẹp siêu xịn, lỗi hoàn tiền')
INSERT INTO SAN_PHAM VALUES ('vi_ch', N'Giày dép',N'Vans Xanh lá',16764000,20,N'hàng siêu đẹp siêu xịn, lỗi hoàn tiền')
INSERT INTO SAN_PHAM VALUES ('vi_ch', N'Giày dép',N'Giày độn Tím',10398000,20,N'hàng siêu đẹp siêu xịn, lỗi hoàn tiền')
INSERT INTO SAN_PHAM VALUES ('vi_ch', N'Giày dép',N'Vans Vàng',15880000,20,N'hàng siêu đẹp siêu xịn, lỗi hoàn tiền')
INSERT INTO SAN_PHAM VALUES ('vi_ch', N'Giày dép',N'Bitits Hồng',31790000,20,N'hàng siêu đẹp siêu xịn, lỗi hoàn tiền')
INSERT INTO SAN_PHAM VALUES ('vi_ch', N'Giày dép',N'Addidas Vàng nhạt',17692000,20,N'hàng siêu đẹp siêu xịn, lỗi hoàn tiền')
INSERT INTO SAN_PHAM VALUES ('vi_ch', N'Giày dép',N'Vans Blue',29016000,20,N'hàng siêu đẹp siêu xịn, lỗi hoàn tiền')
INSERT INTO SAN_PHAM VALUES ('vi_ch', N'Giày dép',N'Giày đế bằng Tím',8456000,20,N'hàng siêu đẹp siêu xịn, lỗi hoàn tiền')
INSERT INTO SAN_PHAM VALUES ('vi_ch', N'Giày dép',N'Tige Xanh nhạt',16731000,20,N'hàng siêu đẹp siêu xịn, lỗi hoàn tiền')
INSERT INTO SAN_PHAM VALUES ('vi_ch', N'Giày dép',N'Bitits Đỏ',14414000,20,N'hàng siêu đẹp siêu xịn, lỗi hoàn tiền')
INSERT INTO SAN_PHAM VALUES ('vi_ch', N'Giày dép',N'Vans Đen tuyền',15991000,20,N'hàng siêu đẹp siêu xịn, lỗi hoàn tiền')
INSERT INTO SAN_PHAM VALUES ('vi_ch', N'Giày dép',N'Tige Xanh lá',9022000,20,N'hàng siêu đẹp siêu xịn, lỗi hoàn tiền')
INSERT INTO SAN_PHAM VALUES ('vi_ch', N'Giày dép',N'Giày đế bằng Đỏ',17595000,20,N'hàng siêu đẹp siêu xịn, lỗi hoàn tiền')
INSERT INTO SAN_PHAM VALUES ('vi_ch', N'Giày dép',N'Giày độn Vàng nhạt',20728000,20,N'hàng siêu đẹp siêu xịn, lỗi hoàn tiền')
INSERT INTO SAN_PHAM VALUES ('vi_ch', N'Giày dép',N'Giày đế bằng Đen tuyền',14226000,20,N'hàng siêu đẹp siêu xịn, lỗi hoàn tiền')
INSERT INTO SAN_PHAM VALUES ('vi_ch', N'Giày dép',N'Bitits Trắng kem',12194000,20,N'hàng siêu đẹp siêu xịn, lỗi hoàn tiền')
INSERT INTO SAN_PHAM VALUES ('vi_ch', N'Giày dép',N'Bitits Vàng',29781000,20,N'hàng siêu đẹp siêu xịn, lỗi hoàn tiền')
INSERT INTO SAN_PHAM VALUES ('vi_ch', N'Giày dép',N'Bitits sport Đỏ',31221000,20,N'hàng siêu đẹp siêu xịn, lỗi hoàn tiền')
INSERT INTO SAN_PHAM VALUES ('vi_ch', N'Giày dép',N'Bitits Vàng nhạt',16713000,20,N'hàng siêu đẹp siêu xịn, lỗi hoàn tiền')
INSERT INTO SAN_PHAM VALUES ('vi_ch', N'Giày dép',N'Tige Đen tuyền',32875000,20,N'hàng siêu đẹp siêu xịn, lỗi hoàn tiền')
INSERT INTO SAN_PHAM VALUES ('vi_ch', N'Giày dép',N'Tige Cam',15829000,20,N'hàng siêu đẹp siêu xịn, lỗi hoàn tiền')
INSERT INTO SAN_PHAM VALUES ('vi_ch', N'Giày dép',N'Giày đế bằng Hồng đất',3765000,20,N'hàng siêu đẹp siêu xịn, lỗi hoàn tiền')
INSERT INTO SAN_PHAM VALUES ('vi_ch', N'Giày dép',N'Nike Xanh nhạt',33744000,20,N'hàng siêu đẹp siêu xịn, lỗi hoàn tiền')
INSERT INTO SAN_PHAM VALUES ('vi_ch', N'Giày dép',N'Gucci Đen tuyền',32326000,20,N'hàng siêu đẹp siêu xịn, lỗi hoàn tiền')
INSERT INTO SAN_PHAM VALUES ('vi_ch', N'Giày dép',N'All star Blue',21304000,20,N'hàng siêu đẹp siêu xịn, lỗi hoàn tiền')
INSERT INTO SAN_PHAM VALUES ('vi_ch', N'Giày dép',N'Giày cao gót Xanh nhạt',11539000,20,N'hàng siêu đẹp siêu xịn, lỗi hoàn tiền')
INSERT INTO SAN_PHAM VALUES ('vi_ch', N'Giày dép',N'Bitits Tím',6328000,20,N'hàng siêu đẹp siêu xịn, lỗi hoàn tiền')
INSERT INTO SAN_PHAM VALUES ('vi_ch', N'Giày dép',N'Levi Trắng kem',31701000,20,N'hàng siêu đẹp siêu xịn, lỗi hoàn tiền')
INSERT INTO SAN_PHAM VALUES ('vi_ch', N'Giày dép',N'Giày thể dục Xanh nhạt',13497000,20,N'hàng siêu đẹp siêu xịn, lỗi hoàn tiền')
INSERT INTO SAN_PHAM VALUES ('vi_ch', N'Giày dép',N'All star Xanh nhạt',14709000,20,N'hàng siêu đẹp siêu xịn, lỗi hoàn tiền')
INSERT INTO SAN_PHAM VALUES ('vi_ch', N'Giày dép',N'Bitits Hồng',27647000,20,N'hàng siêu đẹp siêu xịn, lỗi hoàn tiền')
INSERT INTO SAN_PHAM VALUES ('vi_ch', N'Giày dép',N'Nike Vàng',2410000,20,N'hàng siêu đẹp siêu xịn, lỗi hoàn tiền')
INSERT INTO SAN_PHAM VALUES ('vi_ch', N'Giày dép',N'Gucci Màu nắng',11260000,20,N'hàng siêu đẹp siêu xịn, lỗi hoàn tiền')
INSERT INTO SAN_PHAM VALUES ('vi_ch', N'Giày dép',N'Giày thể dục Đen tuyền',28970000,20,N'hàng siêu đẹp siêu xịn, lỗi hoàn tiền')
INSERT INTO SAN_PHAM VALUES ('vi_ch', N'Giày dép',N'Vans Vàng',7258000,20,N'hàng siêu đẹp siêu xịn, lỗi hoàn tiền')
INSERT INTO SAN_PHAM VALUES ('vi_ch', N'Giày dép',N'Bitits Cam',23812000,20,N'hàng siêu đẹp siêu xịn, lỗi hoàn tiền')
INSERT INTO SAN_PHAM VALUES ('vi_ch', N'Giày dép',N'Bitits sport Xanh nhạt',9336000,20,N'hàng siêu đẹp siêu xịn, lỗi hoàn tiền')
INSERT INTO SAN_PHAM VALUES ('vi_ch', N'Giày dép',N'Giày đế bằng Tím',9983000,20,N'hàng siêu đẹp siêu xịn, lỗi hoàn tiền')
INSERT INTO SAN_PHAM VALUES ('vi_ch', N'Giày dép',N'Giày múa Vàng',26306000,20,N'hàng siêu đẹp siêu xịn, lỗi hoàn tiền')
INSERT INTO SAN_PHAM VALUES ('vi_ch', N'Giày dép',N'Bitits sport Hồng',2698000,20,N'hàng siêu đẹp siêu xịn, lỗi hoàn tiền')
INSERT INTO SAN_PHAM VALUES ('vi_ch', N'Giày dép',N'Tige Đen tuyền',3370000,20,N'hàng siêu đẹp siêu xịn, lỗi hoàn tiền')
INSERT INTO SAN_PHAM VALUES ('vi_ch', N'Giày dép',N'Hunter Đỏ',1571000,20,N'hàng siêu đẹp siêu xịn, lỗi hoàn tiền')
INSERT INTO SAN_PHAM VALUES ('vi_ch', N'Giày dép',N'Addidas Trắng kem',26940000,20,N'hàng siêu đẹp siêu xịn, lỗi hoàn tiền')
INSERT INTO SAN_PHAM VALUES ('vi_ch', N'Giày dép',N'Giày thể dục Blue',2118000,20,N'hàng siêu đẹp siêu xịn, lỗi hoàn tiền')
INSERT INTO SAN_PHAM VALUES ('vi_ch', N'Giày dép',N'Vans Cam',12151000,20,N'hàng siêu đẹp siêu xịn, lỗi hoàn tiền')
INSERT INTO SAN_PHAM VALUES ('vi_ch', N'Giày dép',N'Bitits Hồng đất',30524000,20,N'hàng siêu đẹp siêu xịn, lỗi hoàn tiền')
INSERT INTO SAN_PHAM VALUES ('vi_ch', N'Giày dép',N'Bitits Cam',18668000,20,N'hàng siêu đẹp siêu xịn, lỗi hoàn tiền')
INSERT INTO SAN_PHAM VALUES ('vi_ch', N'Giày dép',N'All star Màu nắng',15267000,20,N'hàng siêu đẹp siêu xịn, lỗi hoàn tiền')
INSERT INTO SAN_PHAM VALUES ('vi_ch', N'Giày dép',N'Vans Hồng',10081000,20,N'hàng siêu đẹp siêu xịn, lỗi hoàn tiền')
INSERT INTO SAN_PHAM VALUES ('vi_ch', N'Giày dép',N'Giày độn Xanh lá',33737000,20,N'hàng siêu đẹp siêu xịn, lỗi hoàn tiền')
INSERT INTO SAN_PHAM VALUES ('vi_ch', N'Giày dép',N'Levi Màu nắng',1884000,20,N'hàng siêu đẹp siêu xịn, lỗi hoàn tiền')
INSERT INTO SAN_PHAM VALUES ('vi_ch', N'Giày dép',N'Giày độn Màu nắng',2602000,20,N'hàng siêu đẹp siêu xịn, lỗi hoàn tiền')
INSERT INTO SAN_PHAM VALUES ('vi_ch', N'Giày dép',N'Levi Xanh nhạt',26861000,20,N'hàng siêu đẹp siêu xịn, lỗi hoàn tiền')
INSERT INTO SAN_PHAM VALUES ('vi_ch', N'Giày dép',N'Bitits Hồng',21434000,20,N'hàng siêu đẹp siêu xịn, lỗi hoàn tiền')
INSERT INTO SAN_PHAM VALUES ('vi_ch', N'Giày dép',N'Giày cao gót Vàng nhạt',4873000,20,N'hàng siêu đẹp siêu xịn, lỗi hoàn tiền')
INSERT INTO SAN_PHAM VALUES ('vi_ch', N'Giày dép',N'Giày độn Đỏ',10938000,20,N'hàng siêu đẹp siêu xịn, lỗi hoàn tiền')
INSERT INTO SAN_PHAM VALUES ('vi_ch', N'Giày dép',N'Addidas Đỏ',32467000,20,N'hàng siêu đẹp siêu xịn, lỗi hoàn tiền')
INSERT INTO SAN_PHAM VALUES ('vi_ch', N'Giày dép',N'Tige Blue',8525000,20,N'hàng siêu đẹp siêu xịn, lỗi hoàn tiền')
INSERT INTO SAN_PHAM VALUES ('vi_ch', N'Giày dép',N'Giày độn Hồng',24366000,20,N'hàng siêu đẹp siêu xịn, lỗi hoàn tiền')
INSERT INTO SAN_PHAM VALUES ('vi_ch', N'Giày dép',N'Giày cao gót Đen tuyền',13063000,20,N'hàng siêu đẹp siêu xịn, lỗi hoàn tiền')
INSERT INTO SAN_PHAM VALUES ('vi_ch', N'Giày dép',N'Vans Vàng nhạt',28263000,20,N'hàng siêu đẹp siêu xịn, lỗi hoàn tiền')
INSERT INTO SAN_PHAM VALUES ('vi_ch', N'Giày dép',N'All star Đen tuyền',16171000,20,N'hàng siêu đẹp siêu xịn, lỗi hoàn tiền')
INSERT INTO SAN_PHAM VALUES ('vi_ch', N'Giày dép',N'Giày cao gót Xanh nhạt',3796000,20,N'hàng siêu đẹp siêu xịn, lỗi hoàn tiền')
INSERT INTO SAN_PHAM VALUES ('vi_ch', N'Giày dép',N'Giày múa Hồng đất',7509000,20,N'hàng siêu đẹp siêu xịn, lỗi hoàn tiền')
INSERT INTO SAN_PHAM VALUES ('vi_ch', N'Giày dép',N'Giày cao gót Xanh nhạt',27846000,20,N'hàng siêu đẹp siêu xịn, lỗi hoàn tiền')
INSERT INTO SAN_PHAM VALUES ('vi_ch', N'Giày dép',N'Hunter Xanh lá',3266000,20,N'hàng siêu đẹp siêu xịn, lỗi hoàn tiền')
INSERT INTO SAN_PHAM VALUES ('vi_ch', N'Giày dép',N'Hunter Hồng',32538000,20,N'hàng siêu đẹp siêu xịn, lỗi hoàn tiền')
INSERT INTO SAN_PHAM VALUES ('vi_ch', N'Giày dép',N'Giày thể dục Hồng',17013000,20,N'hàng siêu đẹp siêu xịn, lỗi hoàn tiền')
INSERT INTO SAN_PHAM VALUES ('vi_ch', N'Giày dép',N'Nike Cam',20805000,20,N'hàng siêu đẹp siêu xịn, lỗi hoàn tiền')
INSERT INTO SAN_PHAM VALUES ('vi_ch', N'Giày dép',N'Bitits sport Đen tuyền',29924000,20,N'hàng siêu đẹp siêu xịn, lỗi hoàn tiền')
INSERT INTO SAN_PHAM VALUES ('vi_ch', N'Giày dép',N'Levi Màu nắng',15553000,20,N'hàng siêu đẹp siêu xịn, lỗi hoàn tiền')
INSERT INTO SAN_PHAM VALUES ('vi_ch', N'Giày dép',N'Hunter Đen tuyền',1023000,20,N'hàng siêu đẹp siêu xịn, lỗi hoàn tiền')
INSERT INTO SAN_PHAM VALUES ('vi_ch', N'Giày dép',N'Addidas Hồng',28950000,20,N'hàng siêu đẹp siêu xịn, lỗi hoàn tiền')
INSERT INTO SAN_PHAM VALUES ('vi_ch', N'Giày dép',N'Levi Xanh lá',21152000,20,N'hàng siêu đẹp siêu xịn, lỗi hoàn tiền')
INSERT INTO SAN_PHAM VALUES ('vi_ch', N'Giày dép',N'Addidas Đen tuyền',12538000,20,N'hàng siêu đẹp siêu xịn, lỗi hoàn tiền')
INSERT INTO SAN_PHAM VALUES ('vi_ch', N'Giày dép',N'Tige Xanh lá',8912000,20,N'hàng siêu đẹp siêu xịn, lỗi hoàn tiền')
INSERT INTO SAN_PHAM VALUES ('vi_ch', N'Giày dép',N'Vans Hồng',20539000,20,N'hàng siêu đẹp siêu xịn, lỗi hoàn tiền')
INSERT INTO SAN_PHAM VALUES ('vi_ch', N'Giày dép',N'Gucci Hồng đất',22624000,20,N'hàng siêu đẹp siêu xịn, lỗi hoàn tiền')
INSERT INTO SAN_PHAM VALUES ('vi_ch', N'Giày dép',N'Bitits Trắng kem',4467000,20,N'hàng siêu đẹp siêu xịn, lỗi hoàn tiền')
INSERT INTO SAN_PHAM VALUES ('vi_ch', N'Giày dép',N'Gucci Đen tuyền',32198000,20,N'hàng siêu đẹp siêu xịn, lỗi hoàn tiền')
INSERT INTO SAN_PHAM VALUES ('vi_ch', N'Giày dép',N'Addidas Vàng',21424000,20,N'hàng siêu đẹp siêu xịn, lỗi hoàn tiền')
INSERT INTO SAN_PHAM VALUES ('vi_ch', N'Giày dép',N'Tige Blue',21827000,20,N'hàng siêu đẹp siêu xịn, lỗi hoàn tiền')
INSERT INTO SAN_PHAM VALUES ('vi_ch', N'Giày dép',N'Hunter Vàng',24478000,20,N'hàng siêu đẹp siêu xịn, lỗi hoàn tiền')
INSERT INTO SAN_PHAM VALUES ('vi_ch', N'Giày dép',N'Giày múa Xanh nhạt',13498000,20,N'hàng siêu đẹp siêu xịn, lỗi hoàn tiền')
INSERT INTO SAN_PHAM VALUES ('vi_ch', N'Giày dép',N'Hunter Blue',24787000,20,N'hàng siêu đẹp siêu xịn, lỗi hoàn tiền')
INSERT INTO SAN_PHAM VALUES ('vi_ch', N'Giày dép',N'Tige Vàng nhạt',29884000,20,N'hàng siêu đẹp siêu xịn, lỗi hoàn tiền')
INSERT INTO SAN_PHAM VALUES ('vi_ch', N'Giày dép',N'Giày đế bằng Xanh nhạt',33604000,20,N'hàng siêu đẹp siêu xịn, lỗi hoàn tiền')
INSERT INTO SAN_PHAM VALUES ('vi_ch', N'Giày dép',N'Addidas Xanh lá',27582000,20,N'hàng siêu đẹp siêu xịn, lỗi hoàn tiền')
INSERT INTO SAN_PHAM VALUES ('vi_ch', N'Giày dép',N'Giày thể dục Xanh nhạt',5655000,20,N'hàng siêu đẹp siêu xịn, lỗi hoàn tiền')
